"rank","movie.name","movie.cast","movie.link","year","votes","rating"
1,"Um Sonho de Liberdade","Frank Darabont (dir.), Tim Robbins, Morgan Freeman","http://www.imdb.com/title/tt0111161/?pf_rd_m=A2FGELUUNOQJNL&pf_rd_p=e31d89dd-322d-4646-8962-327b42fe94b1&pf_rd_r=7D3N36KY30MZE4N1WGZ5&pf_rd_s=center-1&pf_rd_t=15506&pf_rd_i=top&ref_=chttp_tt_1","1994",1949799,9.2
2,"O Poderoso Chef<U+00E3>o","Francis Ford Coppola (dir.), Marlon Brando, Al Pacino","http://www.imdb.com/title/tt0068646/?pf_rd_m=A2FGELUUNOQJNL&pf_rd_p=e31d89dd-322d-4646-8962-327b42fe94b1&pf_rd_r=7D3N36KY30MZE4N1WGZ5&pf_rd_s=center-1&pf_rd_t=15506&pf_rd_i=top&ref_=chttp_tt_2","1972",1334542,9.2
3,"O Poderoso Chef<U+00E3>o II","Francis Ford Coppola (dir.), Al Pacino, Robert De Niro","http://www.imdb.com/title/tt0071562/?pf_rd_m=A2FGELUUNOQJNL&pf_rd_p=e31d89dd-322d-4646-8962-327b42fe94b1&pf_rd_r=7D3N36KY30MZE4N1WGZ5&pf_rd_s=center-1&pf_rd_t=15506&pf_rd_i=top&ref_=chttp_tt_3","1974",923119,9
4,"Batman: O Cavaleiro das Trevas","Christopher Nolan (dir.), Christian Bale, Heath Ledger","http://www.imdb.com/title/tt0468569/?pf_rd_m=A2FGELUUNOQJNL&pf_rd_p=e31d89dd-322d-4646-8962-327b42fe94b1&pf_rd_r=7D3N36KY30MZE4N1WGZ5&pf_rd_s=center-1&pf_rd_t=15506&pf_rd_i=top&ref_=chttp_tt_4","2008",1922101,9
5,"12 Homens e uma Senten<U+00E7>a","Sidney Lumet (dir.), Henry Fonda, Lee J. Cobb","http://www.imdb.com/title/tt0050083/?pf_rd_m=A2FGELUUNOQJNL&pf_rd_p=e31d89dd-322d-4646-8962-327b42fe94b1&pf_rd_r=7D3N36KY30MZE4N1WGZ5&pf_rd_s=center-1&pf_rd_t=15506&pf_rd_i=top&ref_=chttp_tt_5","1957",541943,8.9
6,"A Lista de Schindler","Steven Spielberg (dir.), Liam Neeson, Ralph Fiennes","http://www.imdb.com/title/tt0108052/?pf_rd_m=A2FGELUUNOQJNL&pf_rd_p=e31d89dd-322d-4646-8962-327b42fe94b1&pf_rd_r=7D3N36KY30MZE4N1WGZ5&pf_rd_s=center-1&pf_rd_t=15506&pf_rd_i=top&ref_=chttp_tt_6","1993",1005777,8.9
7,"O Senhor dos An<U+00E9>is: O Retorno do Rei","Peter Jackson (dir.), Elijah Wood, Viggo Mortensen","http://www.imdb.com/title/tt0167260/?pf_rd_m=A2FGELUUNOQJNL&pf_rd_p=e31d89dd-322d-4646-8962-327b42fe94b1&pf_rd_r=7D3N36KY30MZE4N1WGZ5&pf_rd_s=center-1&pf_rd_t=15506&pf_rd_i=top&ref_=chttp_tt_7","2003",1392338,8.9
8,"Pulp Fiction: Tempo de Viol<U+00EA>ncia","Quentin Tarantino (dir.), John Travolta, Uma Thurman","http://www.imdb.com/title/tt0110912/?pf_rd_m=A2FGELUUNOQJNL&pf_rd_p=e31d89dd-322d-4646-8962-327b42fe94b1&pf_rd_r=7D3N36KY30MZE4N1WGZ5&pf_rd_s=center-1&pf_rd_t=15506&pf_rd_i=top&ref_=chttp_tt_8","1994",1525031,8.9
9,"Tr<U+00EA>s Homens em Conflito","Sergio Leone (dir.), Clint Eastwood, Eli Wallach","http://www.imdb.com/title/tt0060196/?pf_rd_m=A2FGELUUNOQJNL&pf_rd_p=e31d89dd-322d-4646-8962-327b42fe94b1&pf_rd_r=7D3N36KY30MZE4N1WGZ5&pf_rd_s=center-1&pf_rd_t=15506&pf_rd_i=top&ref_=chttp_tt_9","1966",579003,8.8
10,"Clube da Luta","David Fincher (dir.), Brad Pitt, Edward Norton","http://www.imdb.com/title/tt0137523/?pf_rd_m=A2FGELUUNOQJNL&pf_rd_p=e31d89dd-322d-4646-8962-327b42fe94b1&pf_rd_r=7D3N36KY30MZE4N1WGZ5&pf_rd_s=center-1&pf_rd_t=15506&pf_rd_i=top&ref_=chttp_tt_10","1999",1563263,8.8
11,"O Senhor dos An<U+00E9>is: A Sociedade do Anel","Peter Jackson (dir.), Elijah Wood, Ian McKellen","http://www.imdb.com/title/tt0120737/?pf_rd_m=A2FGELUUNOQJNL&pf_rd_p=e31d89dd-322d-4646-8962-327b42fe94b1&pf_rd_r=7D3N36KY30MZE4N1WGZ5&pf_rd_s=center-1&pf_rd_t=15506&pf_rd_i=top&ref_=chttp_tt_11","2001",1410287,8.8
12,"Vingadores: Guerra Infinita","Anthony Russo (dir.), Robert Downey Jr., Chris Hemsworth","http://www.imdb.com/title/tt4154756/?pf_rd_m=A2FGELUUNOQJNL&pf_rd_p=e31d89dd-322d-4646-8962-327b42fe94b1&pf_rd_r=7D3N36KY30MZE4N1WGZ5&pf_rd_s=center-1&pf_rd_t=15506&pf_rd_i=top&ref_=chttp_tt_12","2018",281414,8.7
13,"Forrest Gump: O Contador de Hist<U+00F3>rias","Robert Zemeckis (dir.), Tom Hanks, Robin Wright","http://www.imdb.com/title/tt0109830/?pf_rd_m=A2FGELUUNOQJNL&pf_rd_p=e31d89dd-322d-4646-8962-327b42fe94b1&pf_rd_r=7D3N36KY30MZE4N1WGZ5&pf_rd_s=center-1&pf_rd_t=15506&pf_rd_i=top&ref_=chttp_tt_13","1994",1479762,8.7
14,"O Imp<U+00E9>rio Contra-Ataca","Irvin Kershner (dir.), Mark Hamill, Harrison Ford","http://www.imdb.com/title/tt0080684/?pf_rd_m=A2FGELUUNOQJNL&pf_rd_p=e31d89dd-322d-4646-8962-327b42fe94b1&pf_rd_r=7D3N36KY30MZE4N1WGZ5&pf_rd_s=center-1&pf_rd_t=15506&pf_rd_i=top&ref_=chttp_tt_14","1980",981274,8.7
15,"A Origem","Christopher Nolan (dir.), Leonardo DiCaprio, Joseph Gordon-Levitt","http://www.imdb.com/title/tt1375666/?pf_rd_m=A2FGELUUNOQJNL&pf_rd_p=e31d89dd-322d-4646-8962-327b42fe94b1&pf_rd_r=7D3N36KY30MZE4N1WGZ5&pf_rd_s=center-1&pf_rd_t=15506&pf_rd_i=top&ref_=chttp_tt_15","2010",1707218,8.7
16,"O Senhor dos An<U+00E9>is: As Duas Torres","Peter Jackson (dir.), Elijah Wood, Ian McKellen","http://www.imdb.com/title/tt0167261/?pf_rd_m=A2FGELUUNOQJNL&pf_rd_p=e31d89dd-322d-4646-8962-327b42fe94b1&pf_rd_r=7D3N36KY30MZE4N1WGZ5&pf_rd_s=center-1&pf_rd_t=15506&pf_rd_i=top&ref_=chttp_tt_16","2002",1259471,8.7
17,"Um Estranho no Ninho","Milos Forman (dir.), Jack Nicholson, Louise Fletcher","http://www.imdb.com/title/tt0073486/?pf_rd_m=A2FGELUUNOQJNL&pf_rd_p=e31d89dd-322d-4646-8962-327b42fe94b1&pf_rd_r=7D3N36KY30MZE4N1WGZ5&pf_rd_s=center-1&pf_rd_t=15506&pf_rd_i=top&ref_=chttp_tt_17","1975",777490,8.7
18,"Os Bons Companheiros","Martin Scorsese (dir.), Robert De Niro, Ray Liotta","http://www.imdb.com/title/tt0099685/?pf_rd_m=A2FGELUUNOQJNL&pf_rd_p=e31d89dd-322d-4646-8962-327b42fe94b1&pf_rd_r=7D3N36KY30MZE4N1WGZ5&pf_rd_s=center-1&pf_rd_t=15506&pf_rd_i=top&ref_=chttp_tt_18","1990",841738,8.7
19,"Matrix","Lana Wachowski (dir.), Keanu Reeves, Laurence Fishburne","http://www.imdb.com/title/tt0133093/?pf_rd_m=A2FGELUUNOQJNL&pf_rd_p=e31d89dd-322d-4646-8962-327b42fe94b1&pf_rd_r=7D3N36KY30MZE4N1WGZ5&pf_rd_s=center-1&pf_rd_t=15506&pf_rd_i=top&ref_=chttp_tt_19","1999",1401854,8.6
20,"Os Sete Samurais","Akira Kurosawa (dir.), Toshir<U+00F4> Mifune, Takashi Shimura","http://www.imdb.com/title/tt0047478/?pf_rd_m=A2FGELUUNOQJNL&pf_rd_p=e31d89dd-322d-4646-8962-327b42fe94b1&pf_rd_r=7D3N36KY30MZE4N1WGZ5&pf_rd_s=center-1&pf_rd_t=15506&pf_rd_i=top&ref_=chttp_tt_20","1954",264772,8.6
21,"Cidade de Deus","Fernando Meirelles (dir.), Alexandre Rodrigues, Leandro Firmino","http://www.imdb.com/title/tt0317248/?pf_rd_m=A2FGELUUNOQJNL&pf_rd_p=e31d89dd-322d-4646-8962-327b42fe94b1&pf_rd_r=7D3N36KY30MZE4N1WGZ5&pf_rd_s=center-1&pf_rd_t=15506&pf_rd_i=top&ref_=chttp_tt_21","2002",605902,8.6
22,"Guerra nas Estrelas","George Lucas (dir.), Mark Hamill, Harrison Ford","http://www.imdb.com/title/tt0076759/?pf_rd_m=A2FGELUUNOQJNL&pf_rd_p=e31d89dd-322d-4646-8962-327b42fe94b1&pf_rd_r=7D3N36KY30MZE4N1WGZ5&pf_rd_s=center-1&pf_rd_t=15506&pf_rd_i=top&ref_=chttp_tt_22","1977",1052806,8.6
23,"Seven: Os Sete Crimes Capitais","David Fincher (dir.), Morgan Freeman, Brad Pitt","http://www.imdb.com/title/tt0114369/?pf_rd_m=A2FGELUUNOQJNL&pf_rd_p=e31d89dd-322d-4646-8962-327b42fe94b1&pf_rd_r=7D3N36KY30MZE4N1WGZ5&pf_rd_s=center-1&pf_rd_t=15506&pf_rd_i=top&ref_=chttp_tt_23","1995",1190527,8.6
24,"O Sil<U+00EA>ncio dos Inocentes","Jonathan Demme (dir.), Jodie Foster, Anthony Hopkins","http://www.imdb.com/title/tt0102926/?pf_rd_m=A2FGELUUNOQJNL&pf_rd_p=e31d89dd-322d-4646-8962-327b42fe94b1&pf_rd_r=7D3N36KY30MZE4N1WGZ5&pf_rd_s=center-1&pf_rd_t=15506&pf_rd_i=top&ref_=chttp_tt_24","1991",1042897,8.6
25,"A Felicidade N<U+00E3>o Se Compra","Frank Capra (dir.), James Stewart, Donna Reed","http://www.imdb.com/title/tt0038650/?pf_rd_m=A2FGELUUNOQJNL&pf_rd_p=e31d89dd-322d-4646-8962-327b42fe94b1&pf_rd_r=7D3N36KY30MZE4N1WGZ5&pf_rd_s=center-1&pf_rd_t=15506&pf_rd_i=top&ref_=chttp_tt_25","1946",328270,8.6
26,"A Vida <U+00C9> Bela","Roberto Benigni (dir.), Roberto Benigni, Nicoletta Braschi","http://www.imdb.com/title/tt0118799/?pf_rd_m=A2FGELUUNOQJNL&pf_rd_p=e31d89dd-322d-4646-8962-327b42fe94b1&pf_rd_r=7D3N36KY30MZE4N1WGZ5&pf_rd_s=center-1&pf_rd_t=15506&pf_rd_i=top&ref_=chttp_tt_26","1997",506622,8.6
27,"Os Suspeitos","Bryan Singer (dir.), Kevin Spacey, Gabriel Byrne","http://www.imdb.com/title/tt0114814/?pf_rd_m=A2FGELUUNOQJNL&pf_rd_p=e31d89dd-322d-4646-8962-327b42fe94b1&pf_rd_r=7D3N36KY30MZE4N1WGZ5&pf_rd_s=center-1&pf_rd_t=15506&pf_rd_i=top&ref_=chttp_tt_27","1995",850012,8.6
28,"A Viagem de Chihiro","Hayao Miyazaki (dir.), Daveigh Chase, Suzanne Pleshette","http://www.imdb.com/title/tt0245429/?pf_rd_m=A2FGELUUNOQJNL&pf_rd_p=e31d89dd-322d-4646-8962-327b42fe94b1&pf_rd_r=7D3N36KY30MZE4N1WGZ5&pf_rd_s=center-1&pf_rd_t=15506&pf_rd_i=top&ref_=chttp_tt_28","2001",507896,8.5
29,"O Resgate do Soldado Ryan","Steven Spielberg (dir.), Tom Hanks, Matt Damon","http://www.imdb.com/title/tt0120815/?pf_rd_m=A2FGELUUNOQJNL&pf_rd_p=e31d89dd-322d-4646-8962-327b42fe94b1&pf_rd_r=7D3N36KY30MZE4N1WGZ5&pf_rd_s=center-1&pf_rd_t=15506&pf_rd_i=top&ref_=chttp_tt_29","1998",1027814,8.5
30,"O Profissional","Luc Besson (dir.), Jean Reno, Gary Oldman","http://www.imdb.com/title/tt0110413/?pf_rd_m=A2FGELUUNOQJNL&pf_rd_p=e31d89dd-322d-4646-8962-327b42fe94b1&pf_rd_r=7D3N36KY30MZE4N1WGZ5&pf_rd_s=center-1&pf_rd_t=15506&pf_rd_i=top&ref_=chttp_tt_30","1994",851349,8.5
31,"Interestelar","Christopher Nolan (dir.), Matthew McConaughey, Anne Hathaway","http://www.imdb.com/title/tt0816692/?pf_rd_m=A2FGELUUNOQJNL&pf_rd_p=e31d89dd-322d-4646-8962-327b42fe94b1&pf_rd_r=7D3N36KY30MZE4N1WGZ5&pf_rd_s=center-1&pf_rd_t=15506&pf_rd_i=top&ref_=chttp_tt_31","2014",1172313,8.5
32,"<U+00C0> Espera de um Milagre","Frank Darabont (dir.), Tom Hanks, Michael Clarke Duncan","http://www.imdb.com/title/tt0120689/?pf_rd_m=A2FGELUUNOQJNL&pf_rd_p=e31d89dd-322d-4646-8962-327b42fe94b1&pf_rd_r=7D3N36KY30MZE4N1WGZ5&pf_rd_s=center-1&pf_rd_t=15506&pf_rd_i=top&ref_=chttp_tt_32","1999",929201,8.5
33,"A Outra Hist<U+00F3>ria Americana","Tony Kaye (dir.), Edward Norton, Edward Furlong","http://www.imdb.com/title/tt0120586/?pf_rd_m=A2FGELUUNOQJNL&pf_rd_p=e31d89dd-322d-4646-8962-327b42fe94b1&pf_rd_r=7D3N36KY30MZE4N1WGZ5&pf_rd_s=center-1&pf_rd_t=15506&pf_rd_i=top&ref_=chttp_tt_33","1998",894761,8.5
34,"Psicose","Alfred Hitchcock (dir.), Anthony Perkins, Janet Leigh","http://www.imdb.com/title/tt0054215/?pf_rd_m=A2FGELUUNOQJNL&pf_rd_p=e31d89dd-322d-4646-8962-327b42fe94b1&pf_rd_r=7D3N36KY30MZE4N1WGZ5&pf_rd_s=center-1&pf_rd_t=15506&pf_rd_i=top&ref_=chttp_tt_34","1960",495566,8.5
35,"Era uma Vez no Oeste","Sergio Leone (dir.), Henry Fonda, Charles Bronson","http://www.imdb.com/title/tt0064116/?pf_rd_m=A2FGELUUNOQJNL&pf_rd_p=e31d89dd-322d-4646-8962-327b42fe94b1&pf_rd_r=7D3N36KY30MZE4N1WGZ5&pf_rd_s=center-1&pf_rd_t=15506&pf_rd_i=top&ref_=chttp_tt_35","1968",253504,8.5
36,"Luzes da Cidade","Charles Chaplin (dir.), Charles Chaplin, Virginia Cherrill","http://www.imdb.com/title/tt0021749/?pf_rd_m=A2FGELUUNOQJNL&pf_rd_p=e31d89dd-322d-4646-8962-327b42fe94b1&pf_rd_r=7D3N36KY30MZE4N1WGZ5&pf_rd_s=center-1&pf_rd_t=15506&pf_rd_i=top&ref_=chttp_tt_36","1931",133671,8.5
37,"Casablanca","Michael Curtiz (dir.), Humphrey Bogart, Ingrid Bergman","http://www.imdb.com/title/tt0034583/?pf_rd_m=A2FGELUUNOQJNL&pf_rd_p=e31d89dd-322d-4646-8962-327b42fe94b1&pf_rd_r=7D3N36KY30MZE4N1WGZ5&pf_rd_s=center-1&pf_rd_t=15506&pf_rd_i=top&ref_=chttp_tt_37","1942",446150,8.5
38,"Os Tempos Modernos","Charles Chaplin (dir.), Charles Chaplin, Paulette Goddard","http://www.imdb.com/title/tt0027977/?pf_rd_m=A2FGELUUNOQJNL&pf_rd_p=e31d89dd-322d-4646-8962-327b42fe94b1&pf_rd_r=7D3N36KY30MZE4N1WGZ5&pf_rd_s=center-1&pf_rd_t=15506&pf_rd_i=top&ref_=chttp_tt_38","1936",174303,8.5
39,"Intoc<U+00E1>veis","Olivier Nakache (dir.), Fran<U+00E7>ois Cluzet, Omar Sy","http://www.imdb.com/title/tt1675434/?pf_rd_m=A2FGELUUNOQJNL&pf_rd_p=e31d89dd-322d-4646-8962-327b42fe94b1&pf_rd_r=7D3N36KY30MZE4N1WGZ5&pf_rd_s=center-1&pf_rd_t=15506&pf_rd_i=top&ref_=chttp_tt_39","2011",616936,8.5
40,"O Pianista","Roman Polanski (dir.), Adrien Brody, Thomas Kretschmann","http://www.imdb.com/title/tt0253474/?pf_rd_m=A2FGELUUNOQJNL&pf_rd_p=e31d89dd-322d-4646-8962-327b42fe94b1&pf_rd_r=7D3N36KY30MZE4N1WGZ5&pf_rd_s=center-1&pf_rd_t=15506&pf_rd_i=top&ref_=chttp_tt_40","2002",590170,8.5
41,"Os Infiltrados","Martin Scorsese (dir.), Leonardo DiCaprio, Matt Damon","http://www.imdb.com/title/tt0407887/?pf_rd_m=A2FGELUUNOQJNL&pf_rd_p=e31d89dd-322d-4646-8962-327b42fe94b1&pf_rd_r=7D3N36KY30MZE4N1WGZ5&pf_rd_s=center-1&pf_rd_t=15506&pf_rd_i=top&ref_=chttp_tt_41","2006",1004823,8.5
42,"O Exterminador do Futuro 2: O Julgamento Final","James Cameron (dir.), Arnold Schwarzenegger, Linda Hamilton","http://www.imdb.com/title/tt0103064/?pf_rd_m=A2FGELUUNOQJNL&pf_rd_p=e31d89dd-322d-4646-8962-327b42fe94b1&pf_rd_r=7D3N36KY30MZE4N1WGZ5&pf_rd_s=center-1&pf_rd_t=15506&pf_rd_i=top&ref_=chttp_tt_42","1991",849276,8.5
43,"Os Ca<U+00E7>adores da Arca Perdida","Steven Spielberg (dir.), Harrison Ford, Karen Allen","http://www.imdb.com/title/tt0082971/?pf_rd_m=A2FGELUUNOQJNL&pf_rd_p=e31d89dd-322d-4646-8962-327b42fe94b1&pf_rd_r=7D3N36KY30MZE4N1WGZ5&pf_rd_s=center-1&pf_rd_t=15506&pf_rd_i=top&ref_=chttp_tt_43","1981",757070,8.5
44,"De Volta para o Futuro","Robert Zemeckis (dir.), Michael J. Fox, Christopher Lloyd","http://www.imdb.com/title/tt0088763/?pf_rd_m=A2FGELUUNOQJNL&pf_rd_p=e31d89dd-322d-4646-8962-327b42fe94b1&pf_rd_r=7D3N36KY30MZE4N1WGZ5&pf_rd_s=center-1&pf_rd_t=15506&pf_rd_i=top&ref_=chttp_tt_44","1985",860621,8.5
45,"Janela Indiscreta","Alfred Hitchcock (dir.), James Stewart, Grace Kelly","http://www.imdb.com/title/tt0047396/?pf_rd_m=A2FGELUUNOQJNL&pf_rd_p=e31d89dd-322d-4646-8962-327b42fe94b1&pf_rd_r=7D3N36KY30MZE4N1WGZ5&pf_rd_s=center-1&pf_rd_t=15506&pf_rd_i=top&ref_=chttp_tt_45","1954",370239,8.5
46,"Whiplash: Em Busca da Perfei<U+00E7><U+00E3>o","Damien Chazelle (dir.), Miles Teller, J.K. Simmons","http://www.imdb.com/title/tt2582802/?pf_rd_m=A2FGELUUNOQJNL&pf_rd_p=e31d89dd-322d-4646-8962-327b42fe94b1&pf_rd_r=7D3N36KY30MZE4N1WGZ5&pf_rd_s=center-1&pf_rd_t=15506&pf_rd_i=top&ref_=chttp_tt_46","2014",548390,8.5
47,"Gladiador","Ridley Scott (dir.), Russell Crowe, Joaquin Phoenix","http://www.imdb.com/title/tt0172495/?pf_rd_m=A2FGELUUNOQJNL&pf_rd_p=e31d89dd-322d-4646-8962-327b42fe94b1&pf_rd_r=7D3N36KY30MZE4N1WGZ5&pf_rd_s=center-1&pf_rd_t=15506&pf_rd_i=top&ref_=chttp_tt_47","2000",1129777,8.5
48,"O Rei Le<U+00E3>o","Roger Allers (dir.), Matthew Broderick, Jeremy Irons","http://www.imdb.com/title/tt0110357/?pf_rd_m=A2FGELUUNOQJNL&pf_rd_p=e31d89dd-322d-4646-8962-327b42fe94b1&pf_rd_r=7D3N36KY30MZE4N1WGZ5&pf_rd_s=center-1&pf_rd_t=15506&pf_rd_i=top&ref_=chttp_tt_48","1994",764807,8.5
49,"O Grande Truque","Christopher Nolan (dir.), Christian Bale, Hugh Jackman","http://www.imdb.com/title/tt0482571/?pf_rd_m=A2FGELUUNOQJNL&pf_rd_p=e31d89dd-322d-4646-8962-327b42fe94b1&pf_rd_r=7D3N36KY30MZE4N1WGZ5&pf_rd_s=center-1&pf_rd_t=15506&pf_rd_i=top&ref_=chttp_tt_49","2006",991575,8.5
50,"Amn<U+00E9>sia","Christopher Nolan (dir.), Guy Pearce, Carrie-Anne Moss","http://www.imdb.com/title/tt0209144/?pf_rd_m=A2FGELUUNOQJNL&pf_rd_p=e31d89dd-322d-4646-8962-327b42fe94b1&pf_rd_r=7D3N36KY30MZE4N1WGZ5&pf_rd_s=center-1&pf_rd_t=15506&pf_rd_i=top&ref_=chttp_tt_50","2000",970689,8.4
51,"Apocalypse Now","Francis Ford Coppola (dir.), Martin Sheen, Marlon Brando","http://www.imdb.com/title/tt0078788/?pf_rd_m=A2FGELUUNOQJNL&pf_rd_p=e31d89dd-322d-4646-8962-327b42fe94b1&pf_rd_r=7D3N36KY30MZE4N1WGZ5&pf_rd_s=center-1&pf_rd_t=15506&pf_rd_i=top&ref_=chttp_tt_51","1979",514393,8.4
52,"Alien - O Oitavo Passageiro","Ridley Scott (dir.), Sigourney Weaver, Tom Skerritt","http://www.imdb.com/title/tt0078748/?pf_rd_m=A2FGELUUNOQJNL&pf_rd_p=e31d89dd-322d-4646-8962-327b42fe94b1&pf_rd_r=7D3N36KY30MZE4N1WGZ5&pf_rd_s=center-1&pf_rd_t=15506&pf_rd_i=top&ref_=chttp_tt_52","1979",666351,8.4
53,"O Grande Ditador","Charles Chaplin (dir.), Charles Chaplin, Paulette Goddard","http://www.imdb.com/title/tt0032553/?pf_rd_m=A2FGELUUNOQJNL&pf_rd_p=e31d89dd-322d-4646-8962-327b42fe94b1&pf_rd_r=7D3N36KY30MZE4N1WGZ5&pf_rd_s=center-1&pf_rd_t=15506&pf_rd_i=top&ref_=chttp_tt_53","1940",166507,8.4
54,"Cinema Paradiso","Giuseppe Tornatore (dir.), Philippe Noiret, Enzo Cannavale","http://www.imdb.com/title/tt0095765/?pf_rd_m=A2FGELUUNOQJNL&pf_rd_p=e31d89dd-322d-4646-8962-327b42fe94b1&pf_rd_r=7D3N36KY30MZE4N1WGZ5&pf_rd_s=center-1&pf_rd_t=15506&pf_rd_i=top&ref_=chttp_tt_54","1988",184394,8.4
55,"Crep<U+00FA>sculo dos Deuses","Billy Wilder (dir.), William Holden, Gloria Swanson","http://www.imdb.com/title/tt0043014/?pf_rd_m=A2FGELUUNOQJNL&pf_rd_p=e31d89dd-322d-4646-8962-327b42fe94b1&pf_rd_r=7D3N36KY30MZE4N1WGZ5&pf_rd_s=center-1&pf_rd_t=15506&pf_rd_i=top&ref_=chttp_tt_55","1950",166333,8.4
56,"Dr. Fant<U+00E1>stico","Stanley Kubrick (dir.), Peter Sellers, George C. Scott","http://www.imdb.com/title/tt0057012/?pf_rd_m=A2FGELUUNOQJNL&pf_rd_p=e31d89dd-322d-4646-8962-327b42fe94b1&pf_rd_r=7D3N36KY30MZE4N1WGZ5&pf_rd_s=center-1&pf_rd_t=15506&pf_rd_i=top&ref_=chttp_tt_56","1964",392029,8.4
57,"T<U+00FA>mulo dos Vagalumes","Isao Takahata (dir.), Tsutomu Tatsumi, Ayano Shiraishi","http://www.imdb.com/title/tt0095327/?pf_rd_m=A2FGELUUNOQJNL&pf_rd_p=e31d89dd-322d-4646-8962-327b42fe94b1&pf_rd_r=7D3N36KY30MZE4N1WGZ5&pf_rd_s=center-1&pf_rd_t=15506&pf_rd_i=top&ref_=chttp_tt_57","1988",175561,8.4
58,"A Vida dos Outros","Florian Henckel von Donnersmarck (dir.), Ulrich M<U+00FC>he, Martina Gedeck","http://www.imdb.com/title/tt0405094/?pf_rd_m=A2FGELUUNOQJNL&pf_rd_p=e31d89dd-322d-4646-8962-327b42fe94b1&pf_rd_r=7D3N36KY30MZE4N1WGZ5&pf_rd_s=center-1&pf_rd_t=15506&pf_rd_i=top&ref_=chttp_tt_58","2006",301867,8.4
59,"Gl<U+00F3>ria Feita de Sangue","Stanley Kubrick (dir.), Kirk Douglas, Ralph Meeker","http://www.imdb.com/title/tt0050825/?pf_rd_m=A2FGELUUNOQJNL&pf_rd_p=e31d89dd-322d-4646-8962-327b42fe94b1&pf_rd_r=7D3N36KY30MZE4N1WGZ5&pf_rd_s=center-1&pf_rd_t=15506&pf_rd_i=top&ref_=chttp_tt_59","1957",144307,8.4
60,"O Iluminado","Stanley Kubrick (dir.), Jack Nicholson, Shelley Duvall","http://www.imdb.com/title/tt0081505/?pf_rd_m=A2FGELUUNOQJNL&pf_rd_p=e31d89dd-322d-4646-8962-327b42fe94b1&pf_rd_r=7D3N36KY30MZE4N1WGZ5&pf_rd_s=center-1&pf_rd_t=15506&pf_rd_i=top&ref_=chttp_tt_60","1980",718239,8.4
61,"Django Livre","Quentin Tarantino (dir.), Jamie Foxx, Christoph Waltz","http://www.imdb.com/title/tt1853728/?pf_rd_m=A2FGELUUNOQJNL&pf_rd_p=e31d89dd-322d-4646-8962-327b42fe94b1&pf_rd_r=7D3N36KY30MZE4N1WGZ5&pf_rd_s=center-1&pf_rd_t=15506&pf_rd_i=top&ref_=chttp_tt_61","2012",1125684,8.4
62,"Viva: A Vida <U+00E9> uma Festa","Lee Unkrich (dir.), Anthony Gonzalez, Gael Garc<U+00ED>a Bernal","http://www.imdb.com/title/tt2380307/?pf_rd_m=A2FGELUUNOQJNL&pf_rd_p=e31d89dd-322d-4646-8962-327b42fe94b1&pf_rd_r=7D3N36KY30MZE4N1WGZ5&pf_rd_s=center-1&pf_rd_t=15506&pf_rd_i=top&ref_=chttp_tt_62","2017",168617,8.4
63,"WALL<U+00B7>E","Andrew Stanton (dir.), Ben Burtt, Elissa Knight","http://www.imdb.com/title/tt0910970/?pf_rd_m=A2FGELUUNOQJNL&pf_rd_p=e31d89dd-322d-4646-8962-327b42fe94b1&pf_rd_r=7D3N36KY30MZE4N1WGZ5&pf_rd_s=center-1&pf_rd_t=15506&pf_rd_i=top&ref_=chttp_tt_63","2008",842256,8.4
64,"Princesa Mononoke","Hayao Miyazaki (dir.), Y<U+00F4>ji Matsuda, Yuriko Ishida","http://www.imdb.com/title/tt0119698/?pf_rd_m=A2FGELUUNOQJNL&pf_rd_p=e31d89dd-322d-4646-8962-327b42fe94b1&pf_rd_r=7D3N36KY30MZE4N1WGZ5&pf_rd_s=center-1&pf_rd_t=15506&pf_rd_i=top&ref_=chttp_tt_64","1997",270137,8.4
65,"Beleza Americana","Sam Mendes (dir.), Kevin Spacey, Annette Bening","http://www.imdb.com/title/tt0169547/?pf_rd_m=A2FGELUUNOQJNL&pf_rd_p=e31d89dd-322d-4646-8962-327b42fe94b1&pf_rd_r=7D3N36KY30MZE4N1WGZ5&pf_rd_s=center-1&pf_rd_t=15506&pf_rd_i=top&ref_=chttp_tt_65","1999",937590,8.4
66,"Batman: O Cavaleiro das Trevas Ressurge","Christopher Nolan (dir.), Christian Bale, Tom Hardy","http://www.imdb.com/title/tt1345836/?pf_rd_m=A2FGELUUNOQJNL&pf_rd_p=e31d89dd-322d-4646-8962-327b42fe94b1&pf_rd_r=7D3N36KY30MZE4N1WGZ5&pf_rd_s=center-1&pf_rd_t=15506&pf_rd_i=top&ref_=chttp_tt_66","2012",1304610,8.4
67,"Oldboy","Chan-wook Park (dir.), Min-sik Choi, Ji-tae Yu","http://www.imdb.com/title/tt0364569/?pf_rd_m=A2FGELUUNOQJNL&pf_rd_p=e31d89dd-322d-4646-8962-327b42fe94b1&pf_rd_r=7D3N36KY30MZE4N1WGZ5&pf_rd_s=center-1&pf_rd_t=15506&pf_rd_i=top&ref_=chttp_tt_67","2003",424381,8.4
68,"Testemunha de Acusa<U+00E7><U+00E3>o","Billy Wilder (dir.), Tyrone Power, Marlene Dietrich","http://www.imdb.com/title/tt0051201/?pf_rd_m=A2FGELUUNOQJNL&pf_rd_p=e31d89dd-322d-4646-8962-327b42fe94b1&pf_rd_r=7D3N36KY30MZE4N1WGZ5&pf_rd_s=center-1&pf_rd_t=15506&pf_rd_i=top&ref_=chttp_tt_68","1957",82504,8.4
69,"Aliens - O Resgate","James Cameron (dir.), Sigourney Weaver, Michael Biehn","http://www.imdb.com/title/tt0090605/?pf_rd_m=A2FGELUUNOQJNL&pf_rd_p=e31d89dd-322d-4646-8962-327b42fe94b1&pf_rd_r=7D3N36KY30MZE4N1WGZ5&pf_rd_s=center-1&pf_rd_t=15506&pf_rd_i=top&ref_=chttp_tt_69","1986",565445,8.4
70,"Era Uma Vez na Am<U+00E9>rica","Sergio Leone (dir.), Robert De Niro, James Woods","http://www.imdb.com/title/tt0087843/?pf_rd_m=A2FGELUUNOQJNL&pf_rd_p=e31d89dd-322d-4646-8962-327b42fe94b1&pf_rd_r=7D3N36KY30MZE4N1WGZ5&pf_rd_s=center-1&pf_rd_t=15506&pf_rd_i=top&ref_=chttp_tt_70","1984",258108,8.3
71,"O Barco: Inferno no Mar","Wolfgang Petersen (dir.), J<U+00FC>rgen Prochnow, Herbert Gr<U+00F6>nemeyer","http://www.imdb.com/title/tt0082096/?pf_rd_m=A2FGELUUNOQJNL&pf_rd_p=e31d89dd-322d-4646-8962-327b42fe94b1&pf_rd_r=7D3N36KY30MZE4N1WGZ5&pf_rd_s=center-1&pf_rd_t=15506&pf_rd_i=top&ref_=chttp_tt_71","1981",195509,8.3
72,"Cidad<U+00E3>o Kane","Orson Welles (dir.), Orson Welles, Joseph Cotten","http://www.imdb.com/title/tt0033467/?pf_rd_m=A2FGELUUNOQJNL&pf_rd_p=e31d89dd-322d-4646-8962-327b42fe94b1&pf_rd_r=7D3N36KY30MZE4N1WGZ5&pf_rd_s=center-1&pf_rd_t=15506&pf_rd_i=top&ref_=chttp_tt_72","1941",342393,8.3
73,"Um Corpo Que Cai","Alfred Hitchcock (dir.), James Stewart, Kim Novak","http://www.imdb.com/title/tt0052357/?pf_rd_m=A2FGELUUNOQJNL&pf_rd_p=e31d89dd-322d-4646-8962-327b42fe94b1&pf_rd_r=7D3N36KY30MZE4N1WGZ5&pf_rd_s=center-1&pf_rd_t=15506&pf_rd_i=top&ref_=chttp_tt_73","1958",296762,8.3
74,"Intriga Internacional","Alfred Hitchcock (dir.), Cary Grant, Eva Marie Saint","http://www.imdb.com/title/tt0053125/?pf_rd_m=A2FGELUUNOQJNL&pf_rd_p=e31d89dd-322d-4646-8962-327b42fe94b1&pf_rd_r=7D3N36KY30MZE4N1WGZ5&pf_rd_s=center-1&pf_rd_t=15506&pf_rd_i=top&ref_=chttp_tt_74","1959",254684,8.3
75,"Cora<U+00E7><U+00E3>o Valente","Mel Gibson (dir.), Mel Gibson, Sophie Marceau","http://www.imdb.com/title/tt0112573/?pf_rd_m=A2FGELUUNOQJNL&pf_rd_p=e31d89dd-322d-4646-8962-327b42fe94b1&pf_rd_r=7D3N36KY30MZE4N1WGZ5&pf_rd_s=center-1&pf_rd_t=15506&pf_rd_i=top&ref_=chttp_tt_75","1995",843042,8.3
76,"C<U+00E3>es de Aluguel","Quentin Tarantino (dir.), Harvey Keitel, Tim Roth","http://www.imdb.com/title/tt0105236/?pf_rd_m=A2FGELUUNOQJNL&pf_rd_p=e31d89dd-322d-4646-8962-327b42fe94b1&pf_rd_r=7D3N36KY30MZE4N1WGZ5&pf_rd_s=center-1&pf_rd_t=15506&pf_rd_i=top&ref_=chttp_tt_76","1992",771052,8.3
77,"O Retorno de Jedi","Richard Marquand (dir.), Mark Hamill, Harrison Ford","http://www.imdb.com/title/tt0086190/?pf_rd_m=A2FGELUUNOQJNL&pf_rd_p=e31d89dd-322d-4646-8962-327b42fe94b1&pf_rd_r=7D3N36KY30MZE4N1WGZ5&pf_rd_s=center-1&pf_rd_t=15506&pf_rd_i=top&ref_=chttp_tt_77","1983",806642,8.3
78,"M, O Vampiro de Dusseldorf","Fritz Lang (dir.), Peter Lorre, Ellen Widmann","http://www.imdb.com/title/tt0022100/?pf_rd_m=A2FGELUUNOQJNL&pf_rd_p=e31d89dd-322d-4646-8962-327b42fe94b1&pf_rd_r=7D3N36KY30MZE4N1WGZ5&pf_rd_s=center-1&pf_rd_t=15506&pf_rd_i=top&ref_=chttp_tt_78","1931",118208,8.3
79,"Your Name.","Makoto Shinkai (dir.), Ry<U+00FB>nosuke Kamiki, Mone Kamishiraishi","http://www.imdb.com/title/tt5311514/?pf_rd_m=A2FGELUUNOQJNL&pf_rd_p=e31d89dd-322d-4646-8962-327b42fe94b1&pf_rd_r=7D3N36KY30MZE4N1WGZ5&pf_rd_s=center-1&pf_rd_t=15506&pf_rd_i=top&ref_=chttp_tt_79","2016",91837,8.3
80,"Dangal","Nitesh Tiwari (dir.), Aamir Khan, Sakshi Tanwar","http://www.imdb.com/title/tt5074352/?pf_rd_m=A2FGELUUNOQJNL&pf_rd_p=e31d89dd-322d-4646-8962-327b42fe94b1&pf_rd_r=7D3N36KY30MZE4N1WGZ5&pf_rd_s=center-1&pf_rd_t=15506&pf_rd_i=top&ref_=chttp_tt_80","2016",94289,8.3
81,"R<U+00E9>quiem Para um Sonho","Darren Aronofsky (dir.), Ellen Burstyn, Jared Leto","http://www.imdb.com/title/tt0180093/?pf_rd_m=A2FGELUUNOQJNL&pf_rd_p=e31d89dd-322d-4646-8962-327b42fe94b1&pf_rd_r=7D3N36KY30MZE4N1WGZ5&pf_rd_s=center-1&pf_rd_t=15506&pf_rd_i=top&ref_=chttp_tt_81","2000",659652,8.3
82,"Amadeus","Milos Forman (dir.), F. Murray Abraham, Tom Hulce","http://www.imdb.com/title/tt0086879/?pf_rd_m=A2FGELUUNOQJNL&pf_rd_p=e31d89dd-322d-4646-8962-327b42fe94b1&pf_rd_r=7D3N36KY30MZE4N1WGZ5&pf_rd_s=center-1&pf_rd_t=15506&pf_rd_i=top&ref_=chttp_tt_82","1984",315418,8.3
83,"Como Estrelas na Terra","Aamir Khan (dir.), Darsheel Safary, Aamir Khan","http://www.imdb.com/title/tt0986264/?pf_rd_m=A2FGELUUNOQJNL&pf_rd_p=e31d89dd-322d-4646-8962-327b42fe94b1&pf_rd_r=7D3N36KY30MZE4N1WGZ5&pf_rd_s=center-1&pf_rd_t=15506&pf_rd_i=top&ref_=chttp_tt_83","2007",123242,8.3
84,"O Fabuloso Destino de Am<U+00E9>lie Poulain","Jean-Pierre Jeunet (dir.), Audrey Tautou, Mathieu Kassovitz","http://www.imdb.com/title/tt0211915/?pf_rd_m=A2FGELUUNOQJNL&pf_rd_p=e31d89dd-322d-4646-8962-327b42fe94b1&pf_rd_r=7D3N36KY30MZE4N1WGZ5&pf_rd_s=center-1&pf_rd_t=15506&pf_rd_i=top&ref_=chttp_tt_84","2001",614284,8.3
85,"Laranja Mec<U+00E2>nica","Stanley Kubrick (dir.), Malcolm McDowell, Patrick Magee","http://www.imdb.com/title/tt0066921/?pf_rd_m=A2FGELUUNOQJNL&pf_rd_p=e31d89dd-322d-4646-8962-327b42fe94b1&pf_rd_r=7D3N36KY30MZE4N1WGZ5&pf_rd_s=center-1&pf_rd_t=15506&pf_rd_i=top&ref_=chttp_tt_85","1971",644735,8.3
86,"Lawrence da Ar<U+00E1>bia","David Lean (dir.), Peter O'Toole, Alec Guinness","http://www.imdb.com/title/tt0056172/?pf_rd_m=A2FGELUUNOQJNL&pf_rd_p=e31d89dd-322d-4646-8962-327b42fe94b1&pf_rd_r=7D3N36KY30MZE4N1WGZ5&pf_rd_s=center-1&pf_rd_t=15506&pf_rd_i=top&ref_=chttp_tt_86","1962",225882,8.3
87,"Brilho Eterno de uma Mente Sem Lembran<U+00E7>as","Michel Gondry (dir.), Jim Carrey, Kate Winslet","http://www.imdb.com/title/tt0338013/?pf_rd_m=A2FGELUUNOQJNL&pf_rd_p=e31d89dd-322d-4646-8962-327b42fe94b1&pf_rd_r=7D3N36KY30MZE4N1WGZ5&pf_rd_s=center-1&pf_rd_t=15506&pf_rd_i=top&ref_=chttp_tt_87","2004",770605,8.3
88,"Pacto de Sangue","Billy Wilder (dir.), Fred MacMurray, Barbara Stanwyck","http://www.imdb.com/title/tt0036775/?pf_rd_m=A2FGELUUNOQJNL&pf_rd_p=e31d89dd-322d-4646-8962-327b42fe94b1&pf_rd_r=7D3N36KY30MZE4N1WGZ5&pf_rd_s=center-1&pf_rd_t=15506&pf_rd_i=top&ref_=chttp_tt_88","1944",117924,8.3
89,"Taxi Driver","Martin Scorsese (dir.), Robert De Niro, Jodie Foster","http://www.imdb.com/title/tt0075314/?pf_rd_m=A2FGELUUNOQJNL&pf_rd_p=e31d89dd-322d-4646-8962-327b42fe94b1&pf_rd_r=7D3N36KY30MZE4N1WGZ5&pf_rd_s=center-1&pf_rd_t=15506&pf_rd_i=top&ref_=chttp_tt_89","1976",592264,8.3
90,"Cantando na Chuva","Stanley Donen (dir.), Gene Kelly, Donald O'Connor","http://www.imdb.com/title/tt0045152/?pf_rd_m=A2FGELUUNOQJNL&pf_rd_p=e31d89dd-322d-4646-8962-327b42fe94b1&pf_rd_r=7D3N36KY30MZE4N1WGZ5&pf_rd_s=center-1&pf_rd_t=15506&pf_rd_i=top&ref_=chttp_tt_90","1952",181911,8.3
91,"2001: Uma Odiss<U+00E9>ia no Espa<U+00E7>o","Stanley Kubrick (dir.), Keir Dullea, Gary Lockwood","http://www.imdb.com/title/tt0062622/?pf_rd_m=A2FGELUUNOQJNL&pf_rd_p=e31d89dd-322d-4646-8962-327b42fe94b1&pf_rd_r=7D3N36KY30MZE4N1WGZ5&pf_rd_s=center-1&pf_rd_t=15506&pf_rd_i=top&ref_=chttp_tt_91","1968",501076,8.3
92,"3 Idiotas","Rajkumar Hirani (dir.), Aamir Khan, Madhavan","http://www.imdb.com/title/tt1187043/?pf_rd_m=A2FGELUUNOQJNL&pf_rd_p=e31d89dd-322d-4646-8962-327b42fe94b1&pf_rd_r=7D3N36KY30MZE4N1WGZ5&pf_rd_s=center-1&pf_rd_t=15506&pf_rd_i=top&ref_=chttp_tt_92","2009",271167,8.3
93,"Toy Story","John Lasseter (dir.), Tom Hanks, Tim Allen","http://www.imdb.com/title/tt0114709/?pf_rd_m=A2FGELUUNOQJNL&pf_rd_p=e31d89dd-322d-4646-8962-327b42fe94b1&pf_rd_r=7D3N36KY30MZE4N1WGZ5&pf_rd_s=center-1&pf_rd_t=15506&pf_rd_i=top&ref_=chttp_tt_93","1995",732365,8.3
94,"O Sol <U+00C9> Para Todos","Robert Mulligan (dir.), Gregory Peck, John Megna","http://www.imdb.com/title/tt0056592/?pf_rd_m=A2FGELUUNOQJNL&pf_rd_p=e31d89dd-322d-4646-8962-327b42fe94b1&pf_rd_r=7D3N36KY30MZE4N1WGZ5&pf_rd_s=center-1&pf_rd_t=15506&pf_rd_i=top&ref_=chttp_tt_94","1962",254106,8.3
95,"Nascido Para Matar","Stanley Kubrick (dir.), Matthew Modine, R. Lee Ermey","http://www.imdb.com/title/tt0093058/?pf_rd_m=A2FGELUUNOQJNL&pf_rd_p=e31d89dd-322d-4646-8962-327b42fe94b1&pf_rd_r=7D3N36KY30MZE4N1WGZ5&pf_rd_s=center-1&pf_rd_t=15506&pf_rd_i=top&ref_=chttp_tt_95","1987",567127,8.3
96,"Bastardos Ingl<U+00F3>rios","Quentin Tarantino (dir.), Brad Pitt, Diane Kruger","http://www.imdb.com/title/tt0361748/?pf_rd_m=A2FGELUUNOQJNL&pf_rd_p=e31d89dd-322d-4646-8962-327b42fe94b1&pf_rd_r=7D3N36KY30MZE4N1WGZ5&pf_rd_s=center-1&pf_rd_t=15506&pf_rd_i=top&ref_=chttp_tt_96","2009",1040044,8.3
97,"Ladr<U+00F5>es de Bicicletas","Vittorio De Sica (dir.), Lamberto Maggiorani, Enzo Staiola","http://www.imdb.com/title/tt0040522/?pf_rd_m=A2FGELUUNOQJNL&pf_rd_p=e31d89dd-322d-4646-8962-327b42fe94b1&pf_rd_r=7D3N36KY30MZE4N1WGZ5&pf_rd_s=center-1&pf_rd_t=15506&pf_rd_i=top&ref_=chttp_tt_97","1948",115905,8.3
98,"Golpe de Mestre","George Roy Hill (dir.), Paul Newman, Robert Redford","http://www.imdb.com/title/tt0070735/?pf_rd_m=A2FGELUUNOQJNL&pf_rd_p=e31d89dd-322d-4646-8962-327b42fe94b1&pf_rd_r=7D3N36KY30MZE4N1WGZ5&pf_rd_s=center-1&pf_rd_t=15506&pf_rd_i=top&ref_=chttp_tt_98","1973",205213,8.3
99,"O Garoto","Charles Chaplin (dir.), Charles Chaplin, Edna Purviance","http://www.imdb.com/title/tt0012349/?pf_rd_m=A2FGELUUNOQJNL&pf_rd_p=e31d89dd-322d-4646-8962-327b42fe94b1&pf_rd_r=7D3N36KY30MZE4N1WGZ5&pf_rd_s=center-1&pf_rd_t=15506&pf_rd_i=top&ref_=chttp_tt_99","1921",87261,8.3
100,"Toy Story 3","Lee Unkrich (dir.), Tom Hanks, Tim Allen","http://www.imdb.com/title/tt0435761/?pf_rd_m=A2FGELUUNOQJNL&pf_rd_p=e31d89dd-322d-4646-8962-327b42fe94b1&pf_rd_r=7D3N36KY30MZE4N1WGZ5&pf_rd_s=center-1&pf_rd_t=15506&pf_rd_i=top&ref_=chttp_tt_100","2010",634604,8.3
101,"Snatch: Porcos e Diamantes","Guy Ritchie (dir.), Jason Statham, Brad Pitt","http://www.imdb.com/title/tt0208092/?pf_rd_m=A2FGELUUNOQJNL&pf_rd_p=e31d89dd-322d-4646-8962-327b42fe94b1&pf_rd_r=7D3N36KY30MZE4N1WGZ5&pf_rd_s=center-1&pf_rd_t=15506&pf_rd_i=top&ref_=chttp_tt_101","2000",681035,8.3
102,"G<U+00EA>nio Indom<U+00E1>vel","Gus Van Sant (dir.), Robin Williams, Matt Damon","http://www.imdb.com/title/tt0119217/?pf_rd_m=A2FGELUUNOQJNL&pf_rd_p=e31d89dd-322d-4646-8962-327b42fe94b1&pf_rd_r=7D3N36KY30MZE4N1WGZ5&pf_rd_s=center-1&pf_rd_t=15506&pf_rd_i=top&ref_=chttp_tt_102","1997",712161,8.3
103,"A Ca<U+00E7>a","Thomas Vinterberg (dir.), Mads Mikkelsen, Thomas Bo Larsen","http://www.imdb.com/title/tt2106476/?pf_rd_m=A2FGELUUNOQJNL&pf_rd_p=e31d89dd-322d-4646-8962-327b42fe94b1&pf_rd_r=7D3N36KY30MZE4N1WGZ5&pf_rd_s=center-1&pf_rd_t=15506&pf_rd_i=top&ref_=chttp_tt_103","2012",218400,8.3
104,"Monty Python em Busca do C<U+00E1>lice Sagrado","Terry Gilliam (dir.), Graham Chapman, John Cleese","http://www.imdb.com/title/tt0071853/?pf_rd_m=A2FGELUUNOQJNL&pf_rd_p=e31d89dd-322d-4646-8962-327b42fe94b1&pf_rd_r=7D3N36KY30MZE4N1WGZ5&pf_rd_s=center-1&pf_rd_t=15506&pf_rd_i=top&ref_=chttp_tt_104","1975",433448,8.3
105,"Por uns D<U+00F3>lares a Mais","Sergio Leone (dir.), Clint Eastwood, Lee Van Cleef","http://www.imdb.com/title/tt0059578/?pf_rd_m=A2FGELUUNOQJNL&pf_rd_p=e31d89dd-322d-4646-8962-327b42fe94b1&pf_rd_r=7D3N36KY30MZE4N1WGZ5&pf_rd_s=center-1&pf_rd_t=15506&pf_rd_i=top&ref_=chttp_tt_105","1965",189303,8.2
106,"Scarface","Brian De Palma (dir.), Al Pacino, Michelle Pfeiffer","http://www.imdb.com/title/tt0086250/?pf_rd_m=A2FGELUUNOQJNL&pf_rd_p=e31d89dd-322d-4646-8962-327b42fe94b1&pf_rd_r=7D3N36KY30MZE4N1WGZ5&pf_rd_s=center-1&pf_rd_t=15506&pf_rd_i=top&ref_=chttp_tt_106","1983",620498,8.2
107,"Los Angeles: Cidade Proibida","Curtis Hanson (dir.), Kevin Spacey, Russell Crowe","http://www.imdb.com/title/tt0119488/?pf_rd_m=A2FGELUUNOQJNL&pf_rd_p=e31d89dd-322d-4646-8962-327b42fe94b1&pf_rd_r=7D3N36KY30MZE4N1WGZ5&pf_rd_s=center-1&pf_rd_t=15506&pf_rd_i=top&ref_=chttp_tt_107","1997",467386,8.2
108,"Se Meu Apartamento Falasse","Billy Wilder (dir.), Jack Lemmon, Shirley MacLaine","http://www.imdb.com/title/tt0053604/?pf_rd_m=A2FGELUUNOQJNL&pf_rd_p=e31d89dd-322d-4646-8962-327b42fe94b1&pf_rd_r=7D3N36KY30MZE4N1WGZ5&pf_rd_s=center-1&pf_rd_t=15506&pf_rd_i=top&ref_=chttp_tt_108","1960",132243,8.2
109,"Metr<U+00F3>polis","Fritz Lang (dir.), Brigitte Helm, Alfred Abel","http://www.imdb.com/title/tt0017136/?pf_rd_m=A2FGELUUNOQJNL&pf_rd_p=e31d89dd-322d-4646-8962-327b42fe94b1&pf_rd_r=7D3N36KY30MZE4N1WGZ5&pf_rd_s=center-1&pf_rd_t=15506&pf_rd_i=top&ref_=chttp_tt_109","1927",133176,8.2
110,"A Separa<U+00E7><U+00E3>o","Asghar Farhadi (dir.), Payman Maadi, Leila Hatami","http://www.imdb.com/title/tt1832382/?pf_rd_m=A2FGELUUNOQJNL&pf_rd_p=e31d89dd-322d-4646-8962-327b42fe94b1&pf_rd_r=7D3N36KY30MZE4N1WGZ5&pf_rd_s=center-1&pf_rd_t=15506&pf_rd_i=top&ref_=chttp_tt_110","2011",181441,8.2
111,"Rashomon","Akira Kurosawa (dir.), Toshir<U+00F4> Mifune, Machiko Ky<U+00F4>","http://www.imdb.com/title/tt0042876/?pf_rd_m=A2FGELUUNOQJNL&pf_rd_p=e31d89dd-322d-4646-8962-327b42fe94b1&pf_rd_r=7D3N36KY30MZE4N1WGZ5&pf_rd_s=center-1&pf_rd_t=15506&pf_rd_i=top&ref_=chttp_tt_111","1950",123731,8.2
112,"Indiana Jones e a <U+00DA>ltima Cruzada","Steven Spielberg (dir.), Harrison Ford, Sean Connery","http://www.imdb.com/title/tt0097576/?pf_rd_m=A2FGELUUNOQJNL&pf_rd_p=e31d89dd-322d-4646-8962-327b42fe94b1&pf_rd_r=7D3N36KY30MZE4N1WGZ5&pf_rd_s=center-1&pf_rd_t=15506&pf_rd_i=top&ref_=chttp_tt_112","1989",593481,8.2
113,"Up: Altas Aventuras","Pete Docter (dir.), Edward Asner, Jordan Nagai","http://www.imdb.com/title/tt1049413/?pf_rd_m=A2FGELUUNOQJNL&pf_rd_p=e31d89dd-322d-4646-8962-327b42fe94b1&pf_rd_r=7D3N36KY30MZE4N1WGZ5&pf_rd_s=center-1&pf_rd_t=15506&pf_rd_i=top&ref_=chttp_tt_113","2009",783126,8.2
114,"Yojimbo - O Guarda-Costas","Akira Kurosawa (dir.), Toshir<U+00F4> Mifune, Eijir<U+00F4> T<U+00F4>no","http://www.imdb.com/title/tt0055630/?pf_rd_m=A2FGELUUNOQJNL&pf_rd_p=e31d89dd-322d-4646-8962-327b42fe94b1&pf_rd_r=7D3N36KY30MZE4N1WGZ5&pf_rd_s=center-1&pf_rd_t=15506&pf_rd_i=top&ref_=chttp_tt_114","1961",89688,8.2
115,"A Malvada","Joseph L. Mankiewicz (dir.), Bette Davis, Anne Baxter","http://www.imdb.com/title/tt0042192/?pf_rd_m=A2FGELUUNOQJNL&pf_rd_p=e31d89dd-322d-4646-8962-327b42fe94b1&pf_rd_r=7D3N36KY30MZE4N1WGZ5&pf_rd_s=center-1&pf_rd_t=15506&pf_rd_i=top&ref_=chttp_tt_115","1950",100000,8.2
116,"Batman Begins","Christopher Nolan (dir.), Christian Bale, Michael Caine","http://www.imdb.com/title/tt0372784/?pf_rd_m=A2FGELUUNOQJNL&pf_rd_p=e31d89dd-322d-4646-8962-327b42fe94b1&pf_rd_r=7D3N36KY30MZE4N1WGZ5&pf_rd_s=center-1&pf_rd_t=15506&pf_rd_i=top&ref_=chttp_tt_116","2005",1121019,8.2
117,"Quanto Mais Quente Melhor","Billy Wilder (dir.), Marilyn Monroe, Tony Curtis","http://www.imdb.com/title/tt0053291/?pf_rd_m=A2FGELUUNOQJNL&pf_rd_p=e31d89dd-322d-4646-8962-327b42fe94b1&pf_rd_r=7D3N36KY30MZE4N1WGZ5&pf_rd_s=center-1&pf_rd_t=15506&pf_rd_i=top&ref_=chttp_tt_117","1959",205365,8.2
118,"Os Imperdo<U+00E1>veis","Clint Eastwood (dir.), Clint Eastwood, Gene Hackman","http://www.imdb.com/title/tt0105695/?pf_rd_m=A2FGELUUNOQJNL&pf_rd_p=e31d89dd-322d-4646-8962-327b42fe94b1&pf_rd_r=7D3N36KY30MZE4N1WGZ5&pf_rd_s=center-1&pf_rd_t=15506&pf_rd_i=top&ref_=chttp_tt_118","1992",320028,8.2
119,"O Tesouro da Sierra Madre","John Huston (dir.), Humphrey Bogart, Walter Huston","http://www.imdb.com/title/tt0040897/?pf_rd_m=A2FGELUUNOQJNL&pf_rd_p=e31d89dd-322d-4646-8962-327b42fe94b1&pf_rd_r=7D3N36KY30MZE4N1WGZ5&pf_rd_s=center-1&pf_rd_t=15506&pf_rd_i=top&ref_=chttp_tt_119","1948",95053,8.2
120,"A Queda! As <U+00DA>ltimas Horas de Hitler","Oliver Hirschbiegel (dir.), Bruno Ganz, Alexandra Maria Lara","http://www.imdb.com/title/tt0363163/?pf_rd_m=A2FGELUUNOQJNL&pf_rd_p=e31d89dd-322d-4646-8962-327b42fe94b1&pf_rd_r=7D3N36KY30MZE4N1WGZ5&pf_rd_s=center-1&pf_rd_t=15506&pf_rd_i=top&ref_=chttp_tt_120","2004",287231,8.2
121,"Meu Pai e Meu Filho","<U+00C7>agan Irmak (dir.), <U+00C7>etin Tekindor, Fikret Kuskan","http://www.imdb.com/title/tt0476735/?pf_rd_m=A2FGELUUNOQJNL&pf_rd_p=e31d89dd-322d-4646-8962-327b42fe94b1&pf_rd_r=7D3N36KY30MZE4N1WGZ5&pf_rd_s=center-1&pf_rd_t=15506&pf_rd_i=top&ref_=chttp_tt_121","2005",58174,8.2
122,"Duro de Matar","John McTiernan (dir.), Bruce Willis, Alan Rickman","http://www.imdb.com/title/tt0095016/?pf_rd_m=A2FGELUUNOQJNL&pf_rd_p=e31d89dd-322d-4646-8962-327b42fe94b1&pf_rd_r=7D3N36KY30MZE4N1WGZ5&pf_rd_s=center-1&pf_rd_t=15506&pf_rd_i=top&ref_=chttp_tt_122","1988",676717,8.2
123,"Fogo Contra Fogo","Michael Mann (dir.), Al Pacino, Robert De Niro","http://www.imdb.com/title/tt0113277/?pf_rd_m=A2FGELUUNOQJNL&pf_rd_p=e31d89dd-322d-4646-8962-327b42fe94b1&pf_rd_r=7D3N36KY30MZE4N1WGZ5&pf_rd_s=center-1&pf_rd_t=15506&pf_rd_i=top&ref_=chttp_tt_123","1995",492581,8.2
124,"Touro Indom<U+00E1>vel","Martin Scorsese (dir.), Robert De Niro, Cathy Moriarty","http://www.imdb.com/title/tt0081398/?pf_rd_m=A2FGELUUNOQJNL&pf_rd_p=e31d89dd-322d-4646-8962-327b42fe94b1&pf_rd_r=7D3N36KY30MZE4N1WGZ5&pf_rd_s=center-1&pf_rd_t=15506&pf_rd_i=top&ref_=chttp_tt_124","1980",270353,8.2
125,"Fugindo do Inferno","John Sturges (dir.), Steve McQueen, James Garner","http://www.imdb.com/title/tt0057115/?pf_rd_m=A2FGELUUNOQJNL&pf_rd_p=e31d89dd-322d-4646-8962-327b42fe94b1&pf_rd_r=7D3N36KY30MZE4N1WGZ5&pf_rd_s=center-1&pf_rd_t=15506&pf_rd_i=top&ref_=chttp_tt_125","1963",192923,8.2
126,"Viver","Akira Kurosawa (dir.), Takashi Shimura, Nobuo Kaneko","http://www.imdb.com/title/tt0044741/?pf_rd_m=A2FGELUUNOQJNL&pf_rd_p=e31d89dd-322d-4646-8962-327b42fe94b1&pf_rd_r=7D3N36KY30MZE4N1WGZ5&pf_rd_s=center-1&pf_rd_t=15506&pf_rd_i=top&ref_=chttp_tt_126","1952",53717,8.2
127,"O 3<U+00BA> Homem","Carol Reed (dir.), Orson Welles, Joseph Cotten","http://www.imdb.com/title/tt0041959/?pf_rd_m=A2FGELUUNOQJNL&pf_rd_p=e31d89dd-322d-4646-8962-327b42fe94b1&pf_rd_r=7D3N36KY30MZE4N1WGZ5&pf_rd_s=center-1&pf_rd_t=15506&pf_rd_i=top&ref_=chttp_tt_127","1949",134434,8.2
128,"Filhos do Para<U+00ED>so","Majid Majidi (dir.), Mohammad Amir Naji, Amir Farrokh Hashemian","http://www.imdb.com/title/tt0118849/?pf_rd_m=A2FGELUUNOQJNL&pf_rd_p=e31d89dd-322d-4646-8962-327b42fe94b1&pf_rd_r=7D3N36KY30MZE4N1WGZ5&pf_rd_s=center-1&pf_rd_t=15506&pf_rd_i=top&ref_=chttp_tt_128","1997",44742,8.2
129,"O Labirinto do Fauno","Guillermo del Toro (dir.), Ivana Baquero, Ariadna Gil","http://www.imdb.com/title/tt0457430/?pf_rd_m=A2FGELUUNOQJNL&pf_rd_p=e31d89dd-322d-4646-8962-327b42fe94b1&pf_rd_r=7D3N36KY30MZE4N1WGZ5&pf_rd_s=center-1&pf_rd_t=15506&pf_rd_i=top&ref_=chttp_tt_129","2006",539287,8.2
130,"Inc<U+00EA>ndios","Denis Villeneuve (dir.), Lubna Azabal, M<U+00E9>lissa D<U+00E9>sormeaux-Poulin","http://www.imdb.com/title/tt1255953/?pf_rd_m=A2FGELUUNOQJNL&pf_rd_p=e31d89dd-322d-4646-8962-327b42fe94b1&pf_rd_r=7D3N36KY30MZE4N1WGZ5&pf_rd_s=center-1&pf_rd_t=15506&pf_rd_i=top&ref_=chttp_tt_130","2010",110130,8.2
131,"Chinatown","Roman Polanski (dir.), Jack Nicholson, Faye Dunaway","http://www.imdb.com/title/tt0071315/?pf_rd_m=A2FGELUUNOQJNL&pf_rd_p=e31d89dd-322d-4646-8962-327b42fe94b1&pf_rd_r=7D3N36KY30MZE4N1WGZ5&pf_rd_s=center-1&pf_rd_t=15506&pf_rd_i=top&ref_=chttp_tt_131","1974",249873,8.2
132,"Tr<U+00EA>s An<U+00FA>ncios Para um Crime","Martin McDonagh (dir.), Frances McDormand, Woody Harrelson","http://www.imdb.com/title/tt5027774/?pf_rd_m=A2FGELUUNOQJNL&pf_rd_p=e31d89dd-322d-4646-8962-327b42fe94b1&pf_rd_r=7D3N36KY30MZE4N1WGZ5&pf_rd_s=center-1&pf_rd_t=15506&pf_rd_i=top&ref_=chttp_tt_132","2017",228465,8.2
133,"Meu Amigo Totoro","Hayao Miyazaki (dir.), Hitoshi Takagi, Noriko Hidaka","http://www.imdb.com/title/tt0096283/?pf_rd_m=A2FGELUUNOQJNL&pf_rd_p=e31d89dd-322d-4646-8962-327b42fe94b1&pf_rd_r=7D3N36KY30MZE4N1WGZ5&pf_rd_s=center-1&pf_rd_t=15506&pf_rd_i=top&ref_=chttp_tt_133","1988",216394,8.2
134,"Julgamento em Nuremberg","Stanley Kramer (dir.), Spencer Tracy, Burt Lancaster","http://www.imdb.com/title/tt0055031/?pf_rd_m=A2FGELUUNOQJNL&pf_rd_p=e31d89dd-322d-4646-8962-327b42fe94b1&pf_rd_r=7D3N36KY30MZE4N1WGZ5&pf_rd_s=center-1&pf_rd_t=15506&pf_rd_i=top&ref_=chttp_tt_134","1961",56743,8.2
135,"Ran","Akira Kurosawa (dir.), Tatsuya Nakadai, Akira Terao","http://www.imdb.com/title/tt0089881/?pf_rd_m=A2FGELUUNOQJNL&pf_rd_p=e31d89dd-322d-4646-8962-327b42fe94b1&pf_rd_r=7D3N36KY30MZE4N1WGZ5&pf_rd_s=center-1&pf_rd_t=15506&pf_rd_i=top&ref_=chttp_tt_135","1985",92790,8.2
136,"O Segredo dos Seus Olhos","Juan Jos<U+00E9> Campanella (dir.), Ricardo Dar<U+00ED>n, Soledad Villamil","http://www.imdb.com/title/tt1305806/?pf_rd_m=A2FGELUUNOQJNL&pf_rd_p=e31d89dd-322d-4646-8962-327b42fe94b1&pf_rd_r=7D3N36KY30MZE4N1WGZ5&pf_rd_s=center-1&pf_rd_t=15506&pf_rd_i=top&ref_=chttp_tt_136","2009",160613,8.2
137,"Em Busca do Ouro","Charles Chaplin (dir.), Charles Chaplin, Mack Swain","http://www.imdb.com/title/tt0015864/?pf_rd_m=A2FGELUUNOQJNL&pf_rd_p=e31d89dd-322d-4646-8962-327b42fe94b1&pf_rd_r=7D3N36KY30MZE4N1WGZ5&pf_rd_s=center-1&pf_rd_t=15506&pf_rd_i=top&ref_=chttp_tt_137","1925",82859,8.2
138,"O Castelo Animado","Hayao Miyazaki (dir.), Chieko Baish<U+00F4>, Takuya Kimura","http://www.imdb.com/title/tt0347149/?pf_rd_m=A2FGELUUNOQJNL&pf_rd_p=e31d89dd-322d-4646-8962-327b42fe94b1&pf_rd_r=7D3N36KY30MZE4N1WGZ5&pf_rd_s=center-1&pf_rd_t=15506&pf_rd_i=top&ref_=chttp_tt_138","2004",259568,8.2
139,"A Ponte do Rio Kwai","David Lean (dir.), William Holden, Alec Guinness","http://www.imdb.com/title/tt0050212/?pf_rd_m=A2FGELUUNOQJNL&pf_rd_p=e31d89dd-322d-4646-8962-327b42fe94b1&pf_rd_r=7D3N36KY30MZE4N1WGZ5&pf_rd_s=center-1&pf_rd_t=15506&pf_rd_i=top&ref_=chttp_tt_139","1957",175139,8.2
140,"Sindicato de Ladr<U+00F5>es","Elia Kazan (dir.), Marlon Brando, Karl Malden","http://www.imdb.com/title/tt0047296/?pf_rd_m=A2FGELUUNOQJNL&pf_rd_p=e31d89dd-322d-4646-8962-327b42fe94b1&pf_rd_r=7D3N36KY30MZE4N1WGZ5&pf_rd_s=center-1&pf_rd_t=15506&pf_rd_i=top&ref_=chttp_tt_140","1954",120380,8.2
141,"Divertida Mente","Pete Docter (dir.), Amy Poehler, Bill Hader","http://www.imdb.com/title/tt2096673/?pf_rd_m=A2FGELUUNOQJNL&pf_rd_p=e31d89dd-322d-4646-8962-327b42fe94b1&pf_rd_r=7D3N36KY30MZE4N1WGZ5&pf_rd_s=center-1&pf_rd_t=15506&pf_rd_i=top&ref_=chttp_tt_141","2015",479774,8.2
142,"Jogos, Trapa<U+00E7>as e Dois Canos Fumegantes","Guy Ritchie (dir.), Jason Flemyng, Dexter Fletcher","http://www.imdb.com/title/tt0120735/?pf_rd_m=A2FGELUUNOQJNL&pf_rd_p=e31d89dd-322d-4646-8962-327b42fe94b1&pf_rd_r=7D3N36KY30MZE4N1WGZ5&pf_rd_s=center-1&pf_rd_t=15506&pf_rd_i=top&ref_=chttp_tt_142","1998",468890,8.2
143,"O S<U+00E9>timo Selo","Ingmar Bergman (dir.), Max von Sydow, Gunnar Bj<U+00F6>rnstrand","http://www.imdb.com/title/tt0050976/?pf_rd_m=A2FGELUUNOQJNL&pf_rd_p=e31d89dd-322d-4646-8962-327b42fe94b1&pf_rd_r=7D3N36KY30MZE4N1WGZ5&pf_rd_s=center-1&pf_rd_t=15506&pf_rd_i=top&ref_=chttp_tt_143","1957",132731,8.2
144,"Uma Mente Brilhante","Ron Howard (dir.), Russell Crowe, Ed Harris","http://www.imdb.com/title/tt0268978/?pf_rd_m=A2FGELUUNOQJNL&pf_rd_p=e31d89dd-322d-4646-8962-327b42fe94b1&pf_rd_r=7D3N36KY30MZE4N1WGZ5&pf_rd_s=center-1&pf_rd_t=15506&pf_rd_i=top&ref_=chttp_tt_144","2001",718069,8.2
145,"Cassino","Martin Scorsese (dir.), Robert De Niro, Sharon Stone","http://www.imdb.com/title/tt0112641/?pf_rd_m=A2FGELUUNOQJNL&pf_rd_p=e31d89dd-322d-4646-8962-327b42fe94b1&pf_rd_r=7D3N36KY30MZE4N1WGZ5&pf_rd_s=center-1&pf_rd_t=15506&pf_rd_i=top&ref_=chttp_tt_145","1995",387273,8.2
146,"O Quarto de Jack","Lenny Abrahamson (dir.), Brie Larson, Jacob Tremblay","http://www.imdb.com/title/tt3170832/?pf_rd_m=A2FGELUUNOQJNL&pf_rd_p=e31d89dd-322d-4646-8962-327b42fe94b1&pf_rd_r=7D3N36KY30MZE4N1WGZ5&pf_rd_s=center-1&pf_rd_t=15506&pf_rd_i=top&ref_=chttp_tt_146","2015",273532,8.2
147,"A Mulher Faz o Homem","Frank Capra (dir.), James Stewart, Jean Arthur","http://www.imdb.com/title/tt0031679/?pf_rd_m=A2FGELUUNOQJNL&pf_rd_p=e31d89dd-322d-4646-8962-327b42fe94b1&pf_rd_r=7D3N36KY30MZE4N1WGZ5&pf_rd_s=center-1&pf_rd_t=15506&pf_rd_i=top&ref_=chttp_tt_147","1939",92064,8.1
148,"O Homem Elefante","David Lynch (dir.), Anthony Hopkins, John Hurt","http://www.imdb.com/title/tt0080678/?pf_rd_m=A2FGELUUNOQJNL&pf_rd_p=e31d89dd-322d-4646-8962-327b42fe94b1&pf_rd_r=7D3N36KY30MZE4N1WGZ5&pf_rd_s=center-1&pf_rd_t=15506&pf_rd_i=top&ref_=chttp_tt_148","1980",188573,8.1
149,"O Lobo de Wall Street","Martin Scorsese (dir.), Leonardo DiCaprio, Jonah Hill","http://www.imdb.com/title/tt0993846/?pf_rd_m=A2FGELUUNOQJNL&pf_rd_p=e31d89dd-322d-4646-8962-327b42fe94b1&pf_rd_r=7D3N36KY30MZE4N1WGZ5&pf_rd_s=center-1&pf_rd_t=15506&pf_rd_i=top&ref_=chttp_tt_149","2013",948781,8.1
150,"V de Vingan<U+00E7>a","James McTeigue (dir.), Hugo Weaving, Natalie Portman","http://www.imdb.com/title/tt0434409/?pf_rd_m=A2FGELUUNOQJNL&pf_rd_p=e31d89dd-322d-4646-8962-327b42fe94b1&pf_rd_r=7D3N36KY30MZE4N1WGZ5&pf_rd_s=center-1&pf_rd_t=15506&pf_rd_i=top&ref_=chttp_tt_150","2005",902411,8.1
151,"Blade Runner, o Ca<U+00E7>ador de Andr<U+00F3>ides","Ridley Scott (dir.), Harrison Ford, Rutger Hauer","http://www.imdb.com/title/tt0083658/?pf_rd_m=A2FGELUUNOQJNL&pf_rd_p=e31d89dd-322d-4646-8962-327b42fe94b1&pf_rd_r=7D3N36KY30MZE4N1WGZ5&pf_rd_s=center-1&pf_rd_t=15506&pf_rd_i=top&ref_=chttp_tt_151","1982",582977,8.1
152,"Morangos Silvestres","Ingmar Bergman (dir.), Victor Sj<U+00F6>str<U+00F6>m, Bibi Andersson","http://www.imdb.com/title/tt0050986/?pf_rd_m=A2FGELUUNOQJNL&pf_rd_p=e31d89dd-322d-4646-8962-327b42fe94b1&pf_rd_r=7D3N36KY30MZE4N1WGZ5&pf_rd_s=center-1&pf_rd_t=15506&pf_rd_i=top&ref_=chttp_tt_152","1957",77083,8.1
153,"Guerreiro","Gavin O'Connor (dir.), Tom Hardy, Nick Nolte","http://www.imdb.com/title/tt1291584/?pf_rd_m=A2FGELUUNOQJNL&pf_rd_p=e31d89dd-322d-4646-8962-327b42fe94b1&pf_rd_r=7D3N36KY30MZE4N1WGZ5&pf_rd_s=center-1&pf_rd_t=15506&pf_rd_i=top&ref_=chttp_tt_153","2011",381978,8.1
154,"General","Clyde Bruckman (dir.), Buster Keaton, Marion Mack","http://www.imdb.com/title/tt0017925/?pf_rd_m=A2FGELUUNOQJNL&pf_rd_p=e31d89dd-322d-4646-8962-327b42fe94b1&pf_rd_r=7D3N36KY30MZE4N1WGZ5&pf_rd_s=center-1&pf_rd_t=15506&pf_rd_i=top&ref_=chttp_tt_154","1926",66280,8.1
155,"Bancando o <U+00C1>guia","Buster Keaton (dir.), Buster Keaton, Kathryn McGuire","http://www.imdb.com/title/tt0015324/?pf_rd_m=A2FGELUUNOQJNL&pf_rd_p=e31d89dd-322d-4646-8962-327b42fe94b1&pf_rd_r=7D3N36KY30MZE4N1WGZ5&pf_rd_s=center-1&pf_rd_t=15506&pf_rd_i=top&ref_=chttp_tt_155","1924",27172,8.1
156,"Disque M para Matar","Alfred Hitchcock (dir.), Ray Milland, Grace Kelly","http://www.imdb.com/title/tt0046912/?pf_rd_m=A2FGELUUNOQJNL&pf_rd_p=e31d89dd-322d-4646-8962-327b42fe94b1&pf_rd_r=7D3N36KY30MZE4N1WGZ5&pf_rd_s=center-1&pf_rd_t=15506&pf_rd_i=top&ref_=chttp_tt_156","1954",130445,8.1
157,"Trainspotting - Sem Limites","Danny Boyle (dir.), Ewan McGregor, Ewen Bremner","http://www.imdb.com/title/tt0117951/?pf_rd_m=A2FGELUUNOQJNL&pf_rd_p=e31d89dd-322d-4646-8962-327b42fe94b1&pf_rd_r=7D3N36KY30MZE4N1WGZ5&pf_rd_s=center-1&pf_rd_t=15506&pf_rd_i=top&ref_=chttp_tt_157","1996",556286,8.1
158,"...E o Vento Levou","Victor Fleming (dir.), Clark Gable, Vivien Leigh","http://www.imdb.com/title/tt0031381/?pf_rd_m=A2FGELUUNOQJNL&pf_rd_p=e31d89dd-322d-4646-8962-327b42fe94b1&pf_rd_r=7D3N36KY30MZE4N1WGZ5&pf_rd_s=center-1&pf_rd_t=15506&pf_rd_i=top&ref_=chttp_tt_158","1939",248872,8.1
159,"Onde os Fracos n<U+00E3>o T<U+00EA>m Vez","Ethan Coen (dir.), Tommy Lee Jones, Javier Bardem","http://www.imdb.com/title/tt0477348/?pf_rd_m=A2FGELUUNOQJNL&pf_rd_p=e31d89dd-322d-4646-8962-327b42fe94b1&pf_rd_r=7D3N36KY30MZE4N1WGZ5&pf_rd_s=center-1&pf_rd_t=15506&pf_rd_i=top&ref_=chttp_tt_159","2007",714123,8.1
160,"Gran Torino","Clint Eastwood (dir.), Clint Eastwood, Bee Vang","http://www.imdb.com/title/tt1205489/?pf_rd_m=A2FGELUUNOQJNL&pf_rd_p=e31d89dd-322d-4646-8962-327b42fe94b1&pf_rd_r=7D3N36KY30MZE4N1WGZ5&pf_rd_s=center-1&pf_rd_t=15506&pf_rd_i=top&ref_=chttp_tt_160","2008",635759,8.1
161,"O Sexto Sentido","M. Night Shyamalan (dir.), Bruce Willis, Haley Joel Osment","http://www.imdb.com/title/tt0167404/?pf_rd_m=A2FGELUUNOQJNL&pf_rd_p=e31d89dd-322d-4646-8962-327b42fe94b1&pf_rd_r=7D3N36KY30MZE4N1WGZ5&pf_rd_s=center-1&pf_rd_t=15506&pf_rd_i=top&ref_=chttp_tt_161","1999",797837,8.1
162,"Fargo: Uma Com<U+00E9>dia De Erros","Joel Coen (dir.), William H. Macy, Frances McDormand","http://www.imdb.com/title/tt0116282/?pf_rd_m=A2FGELUUNOQJNL&pf_rd_p=e31d89dd-322d-4646-8962-327b42fe94b1&pf_rd_r=7D3N36KY30MZE4N1WGZ5&pf_rd_s=center-1&pf_rd_t=15506&pf_rd_i=top&ref_=chttp_tt_162","1996",527164,8.1
163,"Sangue Negro","Paul Thomas Anderson (dir.), Daniel Day-Lewis, Paul Dano","http://www.imdb.com/title/tt0469494/?pf_rd_m=A2FGELUUNOQJNL&pf_rd_p=e31d89dd-322d-4646-8962-327b42fe94b1&pf_rd_r=7D3N36KY30MZE4N1WGZ5&pf_rd_s=center-1&pf_rd_t=15506&pf_rd_i=top&ref_=chttp_tt_163","2007",434860,8.1
164,"O Franco Atirador","Michael Cimino (dir.), Robert De Niro, Christopher Walken","http://www.imdb.com/title/tt0077416/?pf_rd_m=A2FGELUUNOQJNL&pf_rd_p=e31d89dd-322d-4646-8962-327b42fe94b1&pf_rd_r=7D3N36KY30MZE4N1WGZ5&pf_rd_s=center-1&pf_rd_t=15506&pf_rd_i=top&ref_=chttp_tt_164","1978",268447,8.1
165,"O Enigma de Outro Mundo","John Carpenter (dir.), Kurt Russell, Wilford Brimley","http://www.imdb.com/title/tt0084787/?pf_rd_m=A2FGELUUNOQJNL&pf_rd_p=e31d89dd-322d-4646-8962-327b42fe94b1&pf_rd_r=7D3N36KY30MZE4N1WGZ5&pf_rd_s=center-1&pf_rd_t=15506&pf_rd_i=top&ref_=chttp_tt_165","1982",306502,8.1
166,"Procurando Nemo","Andrew Stanton (dir.), Albert Brooks, Ellen DeGeneres","http://www.imdb.com/title/tt0266543/?pf_rd_m=A2FGELUUNOQJNL&pf_rd_p=e31d89dd-322d-4646-8962-327b42fe94b1&pf_rd_r=7D3N36KY30MZE4N1WGZ5&pf_rd_s=center-1&pf_rd_t=15506&pf_rd_i=top&ref_=chttp_tt_166","2003",809671,8.1
167,"O Grande Lebowski","Joel Coen (dir.), Jeff Bridges, John Goodman","http://www.imdb.com/title/tt0118715/?pf_rd_m=A2FGELUUNOQJNL&pf_rd_p=e31d89dd-322d-4646-8962-327b42fe94b1&pf_rd_r=7D3N36KY30MZE4N1WGZ5&pf_rd_s=center-1&pf_rd_t=15506&pf_rd_i=top&ref_=chttp_tt_167","1998",620522,8.1
168,"V<U+00E1> e Veja","Elem Klimov (dir.), Aleksey Kravchenko, Olga Mironova","http://www.imdb.com/title/tt0091251/?pf_rd_m=A2FGELUUNOQJNL&pf_rd_p=e31d89dd-322d-4646-8962-327b42fe94b1&pf_rd_r=7D3N36KY30MZE4N1WGZ5&pf_rd_s=center-1&pf_rd_t=15506&pf_rd_i=top&ref_=chttp_tt_168","1985",38014,8.1
169,"Rebeldia Indom<U+00E1>vel","Stuart Rosenberg (dir.), Paul Newman, George Kennedy","http://www.imdb.com/title/tt0061512/?pf_rd_m=A2FGELUUNOQJNL&pf_rd_p=e31d89dd-322d-4646-8962-327b42fe94b1&pf_rd_r=7D3N36KY30MZE4N1WGZ5&pf_rd_s=center-1&pf_rd_t=15506&pf_rd_i=top&ref_=chttp_tt_169","1967",139268,8.1
170,"Kill Bill: Volume 1","Quentin Tarantino (dir.), Uma Thurman, David Carradine","http://www.imdb.com/title/tt0266697/?pf_rd_m=A2FGELUUNOQJNL&pf_rd_p=e31d89dd-322d-4646-8962-327b42fe94b1&pf_rd_r=7D3N36KY30MZE4N1WGZ5&pf_rd_s=center-1&pf_rd_t=15506&pf_rd_i=top&ref_=chttp_tt_170","2003",845793,8.1
171,"Rebecca, A Mulher Inesquec<U+00ED>vel","Alfred Hitchcock (dir.), Laurence Olivier, Joan Fontaine","http://www.imdb.com/title/tt0032976/?pf_rd_m=A2FGELUUNOQJNL&pf_rd_p=e31d89dd-322d-4646-8962-327b42fe94b1&pf_rd_r=7D3N36KY30MZE4N1WGZ5&pf_rd_s=center-1&pf_rd_t=15506&pf_rd_i=top&ref_=chttp_tt_171","1940",103937,8.1
172,"Aurora","F.W. Murnau (dir.), George O'Brien, Janet Gaynor","http://www.imdb.com/title/tt0018455/?pf_rd_m=A2FGELUUNOQJNL&pf_rd_p=e31d89dd-322d-4646-8962-327b42fe94b1&pf_rd_r=7D3N36KY30MZE4N1WGZ5&pf_rd_s=center-1&pf_rd_t=15506&pf_rd_i=top&ref_=chttp_tt_172","1927",39576,8.1
173,"Era uma Vez em T<U+00F3>quio","Yasujir<U+00F4> Ozu (dir.), Chish<U+00FB> Ry<U+00FB>, Chieko Higashiyama","http://www.imdb.com/title/tt0046438/?pf_rd_m=A2FGELUUNOQJNL&pf_rd_p=e31d89dd-322d-4646-8962-327b42fe94b1&pf_rd_r=7D3N36KY30MZE4N1WGZ5&pf_rd_s=center-1&pf_rd_t=15506&pf_rd_i=top&ref_=chttp_tt_173","1953",38733,8.1
174,"Ilha do Medo","Martin Scorsese (dir.), Leonardo DiCaprio, Emily Mortimer","http://www.imdb.com/title/tt1130884/?pf_rd_m=A2FGELUUNOQJNL&pf_rd_p=e31d89dd-322d-4646-8962-327b42fe94b1&pf_rd_r=7D3N36KY30MZE4N1WGZ5&pf_rd_s=center-1&pf_rd_t=15506&pf_rd_i=top&ref_=chttp_tt_174","2010",930906,8.1
175,"At<U+00E9> o <U+00DA>ltimo Homem","Mel Gibson (dir.), Andrew Garfield, Sam Worthington","http://www.imdb.com/title/tt2119532/?pf_rd_m=A2FGELUUNOQJNL&pf_rd_p=e31d89dd-322d-4646-8962-327b42fe94b1&pf_rd_r=7D3N36KY30MZE4N1WGZ5&pf_rd_s=center-1&pf_rd_t=15506&pf_rd_i=top&ref_=chttp_tt_175","2016",316916,8.1
176,"O Bandido","Yavuz Turgul (dir.), Sener Sen, Ugur Y<U+00FC>cel","http://www.imdb.com/title/tt0116231/?pf_rd_m=A2FGELUUNOQJNL&pf_rd_p=e31d89dd-322d-4646-8962-327b42fe94b1&pf_rd_r=7D3N36KY30MZE4N1WGZ5&pf_rd_s=center-1&pf_rd_t=15506&pf_rd_i=top&ref_=chttp_tt_176","1996",50269,8.1
177,"Mary e Max: Uma Amizade Diferente","Adam Elliot (dir.), Toni Collette, Philip Seymour Hoffman","http://www.imdb.com/title/tt0978762/?pf_rd_m=A2FGELUUNOQJNL&pf_rd_p=e31d89dd-322d-4646-8962-327b42fe94b1&pf_rd_r=7D3N36KY30MZE4N1WGZ5&pf_rd_s=center-1&pf_rd_t=15506&pf_rd_i=top&ref_=chttp_tt_177","2009",141790,8.1
178,"Como Treinar o Seu Drag<U+00E3>o","Dean DeBlois (dir.), Jay Baruchel, Gerard Butler","http://www.imdb.com/title/tt0892769/?pf_rd_m=A2FGELUUNOQJNL&pf_rd_p=e31d89dd-322d-4646-8962-327b42fe94b1&pf_rd_r=7D3N36KY30MZE4N1WGZ5&pf_rd_s=center-1&pf_rd_t=15506&pf_rd_i=top&ref_=chttp_tt_178","2010",565238,8.1
179,"Garota Exemplar","David Fincher (dir.), Ben Affleck, Rosamund Pike","http://www.imdb.com/title/tt2267998/?pf_rd_m=A2FGELUUNOQJNL&pf_rd_p=e31d89dd-322d-4646-8962-327b42fe94b1&pf_rd_r=7D3N36KY30MZE4N1WGZ5&pf_rd_s=center-1&pf_rd_t=15506&pf_rd_i=top&ref_=chttp_tt_179","2014",700804,8.1
180,"Na Natureza Selvagem","Sean Penn (dir.), Emile Hirsch, Vince Vaughn","http://www.imdb.com/title/tt0758758/?pf_rd_m=A2FGELUUNOQJNL&pf_rd_p=e31d89dd-322d-4646-8962-327b42fe94b1&pf_rd_r=7D3N36KY30MZE4N1WGZ5&pf_rd_s=center-1&pf_rd_t=15506&pf_rd_i=top&ref_=chttp_tt_180","2007",495219,8.1
181,"Relatos Selvagens","Dami<U+00E1>n Szifron (dir.), Dar<U+00ED>o Grandinetti, Mar<U+00ED>a Marull","http://www.imdb.com/title/tt3011894/?pf_rd_m=A2FGELUUNOQJNL&pf_rd_p=e31d89dd-322d-4646-8962-327b42fe94b1&pf_rd_r=7D3N36KY30MZE4N1WGZ5&pf_rd_s=center-1&pf_rd_t=15506&pf_rd_i=top&ref_=chttp_tt_181","2014",133470,8.1
182,"A Vida de Brian","Terry Jones (dir.), Graham Chapman, John Cleese","http://www.imdb.com/title/tt0079470/?pf_rd_m=A2FGELUUNOQJNL&pf_rd_p=e31d89dd-322d-4646-8962-327b42fe94b1&pf_rd_r=7D3N36KY30MZE4N1WGZ5&pf_rd_s=center-1&pf_rd_t=15506&pf_rd_i=top&ref_=chttp_tt_182","1979",311857,8.1
183,"Andrei Rublev","Andrei Tarkovsky (dir.), Anatoliy Solonitsyn, Ivan Lapikov","http://www.imdb.com/title/tt0060107/?pf_rd_m=A2FGELUUNOQJNL&pf_rd_p=e31d89dd-322d-4646-8962-327b42fe94b1&pf_rd_r=7D3N36KY30MZE4N1WGZ5&pf_rd_s=center-1&pf_rd_t=15506&pf_rd_i=top&ref_=chttp_tt_183","1966",34455,8.1
184,"Aconteceu Naquela Noite","Frank Capra (dir.), Clark Gable, Claudette Colbert","http://www.imdb.com/title/tt0025316/?pf_rd_m=A2FGELUUNOQJNL&pf_rd_p=e31d89dd-322d-4646-8962-327b42fe94b1&pf_rd_r=7D3N36KY30MZE4N1WGZ5&pf_rd_s=center-1&pf_rd_t=15506&pf_rd_i=top&ref_=chttp_tt_184","1934",79238,8.1
185,"Pinte de A<U+00E7>afr<U+00E3>o","Rakeysh Omprakash Mehra (dir.), Aamir Khan, Soha Ali Khan","http://www.imdb.com/title/tt0405508/?pf_rd_m=A2FGELUUNOQJNL&pf_rd_p=e31d89dd-322d-4646-8962-327b42fe94b1&pf_rd_r=7D3N36KY30MZE4N1WGZ5&pf_rd_s=center-1&pf_rd_t=15506&pf_rd_i=top&ref_=chttp_tt_185","2006",92519,8.1
186,"Platoon","Oliver Stone (dir.), Charlie Sheen, Tom Berenger","http://www.imdb.com/title/tt0091763/?pf_rd_m=A2FGELUUNOQJNL&pf_rd_p=e31d89dd-322d-4646-8962-327b42fe94b1&pf_rd_r=7D3N36KY30MZE4N1WGZ5&pf_rd_s=center-1&pf_rd_t=15506&pf_rd_i=top&ref_=chttp_tt_186","1986",332752,8.1
187,"Em Nome do Pai","Jim Sheridan (dir.), Daniel Day-Lewis, Pete Postlethwaite","http://www.imdb.com/title/tt0107207/?pf_rd_m=A2FGELUUNOQJNL&pf_rd_p=e31d89dd-322d-4646-8962-327b42fe94b1&pf_rd_r=7D3N36KY30MZE4N1WGZ5&pf_rd_s=center-1&pf_rd_t=15506&pf_rd_i=top&ref_=chttp_tt_187","1993",132365,8.1
188,"Blade Runner 2049","Denis Villeneuve (dir.), Harrison Ford, Ryan Gosling","http://www.imdb.com/title/tt1856101/?pf_rd_m=A2FGELUUNOQJNL&pf_rd_p=e31d89dd-322d-4646-8962-327b42fe94b1&pf_rd_r=7D3N36KY30MZE4N1WGZ5&pf_rd_s=center-1&pf_rd_t=15506&pf_rd_i=top&ref_=chttp_tt_188","2017",289961,8.1
189,"O Mart<U+00ED>rio de Joana D'Arc","Carl Theodor Dreyer (dir.), Maria Falconetti, Eugene Silvain","http://www.imdb.com/title/tt0019254/?pf_rd_m=A2FGELUUNOQJNL&pf_rd_p=e31d89dd-322d-4646-8962-327b42fe94b1&pf_rd_r=7D3N36KY30MZE4N1WGZ5&pf_rd_s=center-1&pf_rd_t=15506&pf_rd_i=top&ref_=chttp_tt_189","1928",36417,8.1
190,"Rede de Intrigas","Sidney Lumet (dir.), Faye Dunaway, William Holden","http://www.imdb.com/title/tt0074958/?pf_rd_m=A2FGELUUNOQJNL&pf_rd_p=e31d89dd-322d-4646-8962-327b42fe94b1&pf_rd_r=7D3N36KY30MZE4N1WGZ5&pf_rd_s=center-1&pf_rd_t=15506&pf_rd_i=top&ref_=chttp_tt_190","1976",122743,8.1
191,"Conta Comigo","Rob Reiner (dir.), Wil Wheaton, River Phoenix","http://www.imdb.com/title/tt0092005/?pf_rd_m=A2FGELUUNOQJNL&pf_rd_p=e31d89dd-322d-4646-8962-327b42fe94b1&pf_rd_r=7D3N36KY30MZE4N1WGZ5&pf_rd_s=center-1&pf_rd_t=15506&pf_rd_i=top&ref_=chttp_tt_191","1986",314909,8.1
192,"O Grande Hotel Budapeste","Wes Anderson (dir.), Ralph Fiennes, F. Murray Abraham","http://www.imdb.com/title/tt2278388/?pf_rd_m=A2FGELUUNOQJNL&pf_rd_p=e31d89dd-322d-4646-8962-327b42fe94b1&pf_rd_r=7D3N36KY30MZE4N1WGZ5&pf_rd_s=center-1&pf_rd_t=15506&pf_rd_i=top&ref_=chttp_tt_192","2014",585635,8.1
193,"Hotel Ruanda","Terry George (dir.), Don Cheadle, Sophie Okonedo","http://www.imdb.com/title/tt0395169/?pf_rd_m=A2FGELUUNOQJNL&pf_rd_p=e31d89dd-322d-4646-8962-327b42fe94b1&pf_rd_r=7D3N36KY30MZE4N1WGZ5&pf_rd_s=center-1&pf_rd_t=15506&pf_rd_i=top&ref_=chttp_tt_193","2004",299306,8.1
194,"Jurassic Park: O Parque dos Dinossauros","Steven Spielberg (dir.), Sam Neill, Laura Dern","http://www.imdb.com/title/tt0107290/?pf_rd_m=A2FGELUUNOQJNL&pf_rd_p=e31d89dd-322d-4646-8962-327b42fe94b1&pf_rd_r=7D3N36KY30MZE4N1WGZ5&pf_rd_s=center-1&pf_rd_t=15506&pf_rd_i=top&ref_=chttp_tt_194","1993",721539,8.1
195,"O Sal<U+00E1>rio do Medo","Henri-Georges Clouzot (dir.), Yves Montand, Charles Vanel","http://www.imdb.com/title/tt0046268/?pf_rd_m=A2FGELUUNOQJNL&pf_rd_p=e31d89dd-322d-4646-8962-327b42fe94b1&pf_rd_r=7D3N36KY30MZE4N1WGZ5&pf_rd_s=center-1&pf_rd_t=15506&pf_rd_i=top&ref_=chttp_tt_195","1953",44785,8.1
196,"Stalker","Andrei Tarkovsky (dir.), Alisa Freyndlikh, Aleksandr Kaydanovskiy","http://www.imdb.com/title/tt0079944/?pf_rd_m=A2FGELUUNOQJNL&pf_rd_p=e31d89dd-322d-4646-8962-327b42fe94b1&pf_rd_r=7D3N36KY30MZE4N1WGZ5&pf_rd_s=center-1&pf_rd_t=15506&pf_rd_i=top&ref_=chttp_tt_196","1979",88378,8.1
197,"Ben-Hur","William Wyler (dir.), Charlton Heston, Jack Hawkins","http://www.imdb.com/title/tt0052618/?pf_rd_m=A2FGELUUNOQJNL&pf_rd_p=e31d89dd-322d-4646-8962-327b42fe94b1&pf_rd_r=7D3N36KY30MZE4N1WGZ5&pf_rd_s=center-1&pf_rd_t=15506&pf_rd_i=top&ref_=chttp_tt_197","1959",189840,8.1
198,"Rush: No Limite da Emo<U+00E7><U+00E3>o","Ron Howard (dir.), Daniel Br<U+00FC>hl, Chris Hemsworth","http://www.imdb.com/title/tt1979320/?pf_rd_m=A2FGELUUNOQJNL&pf_rd_p=e31d89dd-322d-4646-8962-327b42fe94b1&pf_rd_r=7D3N36KY30MZE4N1WGZ5&pf_rd_s=center-1&pf_rd_t=15506&pf_rd_i=top&ref_=chttp_tt_198","2013",369125,8.1
199,"Quando Duas Mulheres Pecam","Ingmar Bergman (dir.), Bibi Andersson, Liv Ullmann","http://www.imdb.com/title/tt0060827/?pf_rd_m=A2FGELUUNOQJNL&pf_rd_p=e31d89dd-322d-4646-8962-327b42fe94b1&pf_rd_r=7D3N36KY30MZE4N1WGZ5&pf_rd_s=center-1&pf_rd_t=15506&pf_rd_i=top&ref_=chttp_tt_199","1966",78568,8.1
200,"Mem<U+00F3>rias de um Assassino","Joon-ho Bong (dir.), Kang-ho Song, Sang-kyung Kim","http://www.imdb.com/title/tt0353969/?pf_rd_m=A2FGELUUNOQJNL&pf_rd_p=e31d89dd-322d-4646-8962-327b42fe94b1&pf_rd_r=7D3N36KY30MZE4N1WGZ5&pf_rd_s=center-1&pf_rd_t=15506&pf_rd_i=top&ref_=chttp_tt_200","2003",89596,8.1
201,"O Show de Truman","Peter Weir (dir.), Jim Carrey, Ed Harris","http://www.imdb.com/title/tt0120382/?pf_rd_m=A2FGELUUNOQJNL&pf_rd_p=e31d89dd-322d-4646-8962-327b42fe94b1&pf_rd_r=7D3N36KY30MZE4N1WGZ5&pf_rd_s=center-1&pf_rd_t=15506&pf_rd_i=top&ref_=chttp_tt_201","1998",778934,8.1
202,"12 Anos de Escravid<U+00E3>o","Steve McQueen (dir.), Chiwetel Ejiofor, Michael Kenneth Williams","http://www.imdb.com/title/tt2024544/?pf_rd_m=A2FGELUUNOQJNL&pf_rd_p=e31d89dd-322d-4646-8962-327b42fe94b1&pf_rd_r=7D3N36KY30MZE4N1WGZ5&pf_rd_s=center-1&pf_rd_t=15506&pf_rd_i=top&ref_=chttp_tt_202","2013",535560,8.1
203,"Menina de Ouro","Clint Eastwood (dir.), Hilary Swank, Clint Eastwood","http://www.imdb.com/title/tt0405159/?pf_rd_m=A2FGELUUNOQJNL&pf_rd_p=e31d89dd-322d-4646-8962-327b42fe94b1&pf_rd_r=7D3N36KY30MZE4N1WGZ5&pf_rd_s=center-1&pf_rd_t=15506&pf_rd_i=top&ref_=chttp_tt_203","2004",554102,8.1
204,"Os Incompreendidos","Fran<U+00E7>ois Truffaut (dir.), Jean-Pierre L<U+00E9>aud, Albert R<U+00E9>my","http://www.imdb.com/title/tt0053198/?pf_rd_m=A2FGELUUNOQJNL&pf_rd_p=e31d89dd-322d-4646-8962-327b42fe94b1&pf_rd_r=7D3N36KY30MZE4N1WGZ5&pf_rd_s=center-1&pf_rd_t=15506&pf_rd_i=top&ref_=chttp_tt_204","1959",85642,8.1
205,"Mad Max: Estrada da F<U+00FA>ria","George Miller (dir.), Tom Hardy, Charlize Theron","http://www.imdb.com/title/tt1392190/?pf_rd_m=A2FGELUUNOQJNL&pf_rd_p=e31d89dd-322d-4646-8962-327b42fe94b1&pf_rd_r=7D3N36KY30MZE4N1WGZ5&pf_rd_s=center-1&pf_rd_t=15506&pf_rd_i=top&ref_=chttp_tt_205","2015",710636,8.1
206,"Spotlight: Segredos Revelados","Tom McCarthy (dir.), Mark Ruffalo, Michael Keaton","http://www.imdb.com/title/tt1895587/?pf_rd_m=A2FGELUUNOQJNL&pf_rd_p=e31d89dd-322d-4646-8962-327b42fe94b1&pf_rd_r=7D3N36KY30MZE4N1WGZ5&pf_rd_s=center-1&pf_rd_t=15506&pf_rd_i=top&ref_=chttp_tt_206","2015",322513,8.1
207,"Logan","James Mangold (dir.), Hugh Jackman, Patrick Stewart","http://www.imdb.com/title/tt3315342/?pf_rd_m=A2FGELUUNOQJNL&pf_rd_p=e31d89dd-322d-4646-8962-327b42fe94b1&pf_rd_r=7D3N36KY30MZE4N1WGZ5&pf_rd_s=center-1&pf_rd_t=15506&pf_rd_i=top&ref_=chttp_tt_207","2017",477661,8.1
208,"Amores Brutos","Alejandro G. I<U+00F1><U+00E1>rritu (dir.), Emilio Echevarr<U+00ED>a, Gael Garc<U+00ED>a Bernal","http://www.imdb.com/title/tt0245712/?pf_rd_m=A2FGELUUNOQJNL&pf_rd_p=e31d89dd-322d-4646-8962-327b42fe94b1&pf_rd_r=7D3N36KY30MZE4N1WGZ5&pf_rd_s=center-1&pf_rd_t=15506&pf_rd_i=top&ref_=chttp_tt_208","2000",197362,8.1
209,"Antes do Amanhecer","Richard Linklater (dir.), Ethan Hawke, Julie Delpy","http://www.imdb.com/title/tt0112471/?pf_rd_m=A2FGELUUNOQJNL&pf_rd_p=e31d89dd-322d-4646-8962-327b42fe94b1&pf_rd_r=7D3N36KY30MZE4N1WGZ5&pf_rd_s=center-1&pf_rd_t=15506&pf_rd_i=top&ref_=chttp_tt_209","1995",220674,8.1
210,"Sempre ao Seu Lado","Lasse Hallstr<U+00F6>m (dir.), Richard Gere, Joan Allen","http://www.imdb.com/title/tt1028532/?pf_rd_m=A2FGELUUNOQJNL&pf_rd_p=e31d89dd-322d-4646-8962-327b42fe94b1&pf_rd_r=7D3N36KY30MZE4N1WGZ5&pf_rd_s=center-1&pf_rd_t=15506&pf_rd_i=top&ref_=chttp_tt_210","2009",203419,8.1
211,"Butch Cassidy","George Roy Hill (dir.), Paul Newman, Robert Redford","http://www.imdb.com/title/tt0064115/?pf_rd_m=A2FGELUUNOQJNL&pf_rd_p=e31d89dd-322d-4646-8962-327b42fe94b1&pf_rd_r=7D3N36KY30MZE4N1WGZ5&pf_rd_s=center-1&pf_rd_t=15506&pf_rd_i=top&ref_=chttp_tt_211","1969",176443,8.1
212,"Os Suspeitos","Denis Villeneuve (dir.), Hugh Jackman, Jake Gyllenhaal","http://www.imdb.com/title/tt1392214/?pf_rd_m=A2FGELUUNOQJNL&pf_rd_p=e31d89dd-322d-4646-8962-327b42fe94b1&pf_rd_r=7D3N36KY30MZE4N1WGZ5&pf_rd_s=center-1&pf_rd_t=15506&pf_rd_i=top&ref_=chttp_tt_212","2013",483052,8.1
213,"A Princesa Prometida","Rob Reiner (dir.), Cary Elwes, Mandy Patinkin","http://www.imdb.com/title/tt0093779/?pf_rd_m=A2FGELUUNOQJNL&pf_rd_p=e31d89dd-322d-4646-8962-327b42fe94b1&pf_rd_r=7D3N36KY30MZE4N1WGZ5&pf_rd_s=center-1&pf_rd_t=15506&pf_rd_i=top&ref_=chttp_tt_213","1987",336693,8.1
214,"Nausica<U+00E4> do Vale do Vento","Hayao Miyazaki (dir.), Sumi Shimamoto, Mahito Tsujimura","http://www.imdb.com/title/tt0087544/?pf_rd_m=A2FGELUUNOQJNL&pf_rd_p=e31d89dd-322d-4646-8962-327b42fe94b1&pf_rd_r=7D3N36KY30MZE4N1WGZ5&pf_rd_s=center-1&pf_rd_t=15506&pf_rd_i=top&ref_=chttp_tt_214","1984",118422,8
215,"La La Land: Cantando Esta<U+00E7><U+00F5>es","Damien Chazelle (dir.), Ryan Gosling, Emma Stone","http://www.imdb.com/title/tt3783958/?pf_rd_m=A2FGELUUNOQJNL&pf_rd_p=e31d89dd-322d-4646-8962-327b42fe94b1&pf_rd_r=7D3N36KY30MZE4N1WGZ5&pf_rd_s=center-1&pf_rd_t=15506&pf_rd_i=top&ref_=chttp_tt_215","2016",370806,8
216,"Prenda-me Se For Capaz","Steven Spielberg (dir.), Leonardo DiCaprio, Tom Hanks","http://www.imdb.com/title/tt0264464/?pf_rd_m=A2FGELUUNOQJNL&pf_rd_p=e31d89dd-322d-4646-8962-327b42fe94b1&pf_rd_r=7D3N36KY30MZE4N1WGZ5&pf_rd_s=center-1&pf_rd_t=15506&pf_rd_i=top&ref_=chttp_tt_216","2002",653933,8
217,"Harry Potter e as Rel<U+00ED>quias da Morte: Parte 2","David Yates (dir.), Daniel Radcliffe, Emma Watson","http://www.imdb.com/title/tt1201607/?pf_rd_m=A2FGELUUNOQJNL&pf_rd_p=e31d89dd-322d-4646-8962-327b42fe94b1&pf_rd_r=7D3N36KY30MZE4N1WGZ5&pf_rd_s=center-1&pf_rd_t=15506&pf_rd_i=top&ref_=chttp_tt_217","2011",642003,8
218,"Rel<U+00ED>quia Macabra (O Falc<U+00E3>o Malt<U+00EA>s)","John Huston (dir.), Humphrey Bogart, Mary Astor","http://www.imdb.com/title/tt0033870/?pf_rd_m=A2FGELUUNOQJNL&pf_rd_p=e31d89dd-322d-4646-8962-327b42fe94b1&pf_rd_r=7D3N36KY30MZE4N1WGZ5&pf_rd_s=center-1&pf_rd_t=15506&pf_rd_i=top&ref_=chttp_tt_218","1941",132729,8
219,"Rocky: Um Lutador","John G. Avildsen (dir.), Sylvester Stallone, Talia Shire","http://www.imdb.com/title/tt0075148/?pf_rd_m=A2FGELUUNOQJNL&pf_rd_p=e31d89dd-322d-4646-8962-327b42fe94b1&pf_rd_r=7D3N36KY30MZE4N1WGZ5&pf_rd_s=center-1&pf_rd_t=15506&pf_rd_i=top&ref_=chttp_tt_219","1976",440795,8
220,"A Wednesday","Neeraj Pandey (dir.), Anupam Kher, Naseeruddin Shah","http://www.imdb.com/title/tt1280558/?pf_rd_m=A2FGELUUNOQJNL&pf_rd_p=e31d89dd-322d-4646-8962-327b42fe94b1&pf_rd_r=7D3N36KY30MZE4N1WGZ5&pf_rd_s=center-1&pf_rd_t=15506&pf_rd_i=top&ref_=chttp_tt_220","2008",62325,8
221,"Vinhas da Ira","John Ford (dir.), Henry Fonda, Jane Darwell","http://www.imdb.com/title/tt0032551/?pf_rd_m=A2FGELUUNOQJNL&pf_rd_p=e31d89dd-322d-4646-8962-327b42fe94b1&pf_rd_r=7D3N36KY30MZE4N1WGZ5&pf_rd_s=center-1&pf_rd_t=15506&pf_rd_i=top&ref_=chttp_tt_221","1940",76211,8
222,"Noites de Cab<U+00ED>ria","Federico Fellini (dir.), Giulietta Masina, Fran<U+00E7>ois P<U+00E9>rier","http://www.imdb.com/title/tt0050783/?pf_rd_m=A2FGELUUNOQJNL&pf_rd_p=e31d89dd-322d-4646-8962-327b42fe94b1&pf_rd_r=7D3N36KY30MZE4N1WGZ5&pf_rd_s=center-1&pf_rd_t=15506&pf_rd_i=top&ref_=chttp_tt_222","1957",35610,8
223,"Monstros S.A.","Pete Docter (dir.), Billy Crystal, John Goodman","http://www.imdb.com/title/tt0198781/?pf_rd_m=A2FGELUUNOQJNL&pf_rd_p=e31d89dd-322d-4646-8962-327b42fe94b1&pf_rd_r=7D3N36KY30MZE4N1WGZ5&pf_rd_s=center-1&pf_rd_t=15506&pf_rd_i=top&ref_=chttp_tt_223","2001",686197,8
224,"Barry Lyndon","Stanley Kubrick (dir.), Ryan O'Neal, Marisa Berenson","http://www.imdb.com/title/tt0072684/?pf_rd_m=A2FGELUUNOQJNL&pf_rd_p=e31d89dd-322d-4646-8962-327b42fe94b1&pf_rd_r=7D3N36KY30MZE4N1WGZ5&pf_rd_s=center-1&pf_rd_t=15506&pf_rd_i=top&ref_=chttp_tt_224","1975",122157,8
225,"As Diab<U+00F3>licas","Henri-Georges Clouzot (dir.), Simone Signoret, V<U+00E9>ra Clouzot","http://www.imdb.com/title/tt0046911/?pf_rd_m=A2FGELUUNOQJNL&pf_rd_p=e31d89dd-322d-4646-8962-327b42fe94b1&pf_rd_r=7D3N36KY30MZE4N1WGZ5&pf_rd_s=center-1&pf_rd_t=15506&pf_rd_i=top&ref_=chttp_tt_225","1955",52561,8
226,"Donnie Darko","Richard Kelly (dir.), Jake Gyllenhaal, Jena Malone","http://www.imdb.com/title/tt0246578/?pf_rd_m=A2FGELUUNOQJNL&pf_rd_p=e31d89dd-322d-4646-8962-327b42fe94b1&pf_rd_r=7D3N36KY30MZE4N1WGZ5&pf_rd_s=center-1&pf_rd_t=15506&pf_rd_i=top&ref_=chttp_tt_226","2001",662498,8
227,"Gandhi","Richard Attenborough (dir.), Ben Kingsley, John Gielgud","http://www.imdb.com/title/tt0083987/?pf_rd_m=A2FGELUUNOQJNL&pf_rd_p=e31d89dd-322d-4646-8962-327b42fe94b1&pf_rd_r=7D3N36KY30MZE4N1WGZ5&pf_rd_s=center-1&pf_rd_t=15506&pf_rd_i=top&ref_=chttp_tt_227","1982",197497,8
228,"Lua de Papel","Peter Bogdanovich (dir.), Ryan O'Neal, Tatum O'Neal","http://www.imdb.com/title/tt0070510/?pf_rd_m=A2FGELUUNOQJNL&pf_rd_p=e31d89dd-322d-4646-8962-327b42fe94b1&pf_rd_r=7D3N36KY30MZE4N1WGZ5&pf_rd_s=center-1&pf_rd_t=15506&pf_rd_i=top&ref_=chttp_tt_228","1973",33411,8
229,"O Exterminador do Futuro","James Cameron (dir.), Arnold Schwarzenegger, Linda Hamilton","http://www.imdb.com/title/tt0088247/?pf_rd_m=A2FGELUUNOQJNL&pf_rd_p=e31d89dd-322d-4646-8962-327b42fe94b1&pf_rd_r=7D3N36KY30MZE4N1WGZ5&pf_rd_s=center-1&pf_rd_t=15506&pf_rd_i=top&ref_=chttp_tt_229","1984",685971,8
230,"A Marca da Maldade","Orson Welles (dir.), Charlton Heston, Orson Welles","http://www.imdb.com/title/tt0052311/?pf_rd_m=A2FGELUUNOQJNL&pf_rd_p=e31d89dd-322d-4646-8962-327b42fe94b1&pf_rd_r=7D3N36KY30MZE4N1WGZ5&pf_rd_s=center-1&pf_rd_t=15506&pf_rd_i=top&ref_=chttp_tt_230","1958",86077,8
231,"O <U+00D3>dio","Mathieu Kassovitz (dir.), Vincent Cassel, Hubert Kound<U+00E9>","http://www.imdb.com/title/tt0113247/?pf_rd_m=A2FGELUUNOQJNL&pf_rd_p=e31d89dd-322d-4646-8962-327b42fe94b1&pf_rd_r=7D3N36KY30MZE4N1WGZ5&pf_rd_s=center-1&pf_rd_t=15506&pf_rd_i=top&ref_=chttp_tt_231","1995",123839,8
232,"Feiti<U+00E7>o do Tempo","Harold Ramis (dir.), Bill Murray, Andie MacDowell","http://www.imdb.com/title/tt0107048/?pf_rd_m=A2FGELUUNOQJNL&pf_rd_p=e31d89dd-322d-4646-8962-327b42fe94b1&pf_rd_r=7D3N36KY30MZE4N1WGZ5&pf_rd_s=center-1&pf_rd_t=15506&pf_rd_i=top&ref_=chttp_tt_232","1993",509290,8
233,"O M<U+00E1>gico de Oz","Victor Fleming (dir.), Judy Garland, Frank Morgan","http://www.imdb.com/title/tt0032138/?pf_rd_m=A2FGELUUNOQJNL&pf_rd_p=e31d89dd-322d-4646-8962-327b42fe94b1&pf_rd_r=7D3N36KY30MZE4N1WGZ5&pf_rd_s=center-1&pf_rd_t=15506&pf_rd_i=top&ref_=chttp_tt_233","1939",332473,8
234,"Sociedade dos Poetas Mortos","Peter Weir (dir.), Robin Williams, Robert Sean Leonard","http://www.imdb.com/title/tt0097165/?pf_rd_m=A2FGELUUNOQJNL&pf_rd_p=e31d89dd-322d-4646-8962-327b42fe94b1&pf_rd_r=7D3N36KY30MZE4N1WGZ5&pf_rd_s=center-1&pf_rd_t=15506&pf_rd_i=top&ref_=chttp_tt_234","1989",331245,8
235,"O Ultimato Bourne","Paul Greengrass (dir.), Matt Damon, Edgar Ram<U+00ED>rez","http://www.imdb.com/title/tt0440963/?pf_rd_m=A2FGELUUNOQJNL&pf_rd_p=e31d89dd-322d-4646-8962-327b42fe94b1&pf_rd_r=7D3N36KY30MZE4N1WGZ5&pf_rd_s=center-1&pf_rd_t=15506&pf_rd_i=top&ref_=chttp_tt_235","2007",558197,8
236,"Noivo Neur<U+00F3>tico, Noiva Nervosa","Woody Allen (dir.), Woody Allen, Diane Keaton","http://www.imdb.com/title/tt0075686/?pf_rd_m=A2FGELUUNOQJNL&pf_rd_p=e31d89dd-322d-4646-8962-327b42fe94b1&pf_rd_r=7D3N36KY30MZE4N1WGZ5&pf_rd_s=center-1&pf_rd_t=15506&pf_rd_i=top&ref_=chttp_tt_236","1977",226336,8
237,"Tubar<U+00E3>o","Steven Spielberg (dir.), Roy Scheider, Robert Shaw","http://www.imdb.com/title/tt0073195/?pf_rd_m=A2FGELUUNOQJNL&pf_rd_p=e31d89dd-322d-4646-8962-327b42fe94b1&pf_rd_r=7D3N36KY30MZE4N1WGZ5&pf_rd_s=center-1&pf_rd_t=15506&pf_rd_i=top&ref_=chttp_tt_237","1975",478298,8
238,"8<U+00BD>","Federico Fellini (dir.), Marcello Mastroianni, Anouk Aim<U+00E9>e","http://www.imdb.com/title/tt0056801/?pf_rd_m=A2FGELUUNOQJNL&pf_rd_p=e31d89dd-322d-4646-8962-327b42fe94b1&pf_rd_r=7D3N36KY30MZE4N1WGZ5&pf_rd_s=center-1&pf_rd_t=15506&pf_rd_i=top&ref_=chttp_tt_238","1963",93843,8
239,"Amor <U+00E0> Flor da Pele","Kar-Wai Wong (dir.), Tony Chiu-Wai Leung, Maggie Cheung","http://www.imdb.com/title/tt0118694/?pf_rd_m=A2FGELUUNOQJNL&pf_rd_p=e31d89dd-322d-4646-8962-327b42fe94b1&pf_rd_r=7D3N36KY30MZE4N1WGZ5&pf_rd_s=center-1&pf_rd_t=15506&pf_rd_i=top&ref_=chttp_tt_239","2000",95937,8
240,"Hist<U+00F3>rias Cruzadas","Tate Taylor (dir.), Emma Stone, Viola Davis","http://www.imdb.com/title/tt1454029/?pf_rd_m=A2FGELUUNOQJNL&pf_rd_p=e31d89dd-322d-4646-8962-327b42fe94b1&pf_rd_r=7D3N36KY30MZE4N1WGZ5&pf_rd_s=center-1&pf_rd_t=15506&pf_rd_i=top&ref_=chttp_tt_240","2011",369435,8
241,"Paris, Texas","Wim Wenders (dir.), Harry Dean Stanton, Nastassja Kinski","http://www.imdb.com/title/tt0087884/?pf_rd_m=A2FGELUUNOQJNL&pf_rd_p=e31d89dd-322d-4646-8962-327b42fe94b1&pf_rd_r=7D3N36KY30MZE4N1WGZ5&pf_rd_s=center-1&pf_rd_t=15506&pf_rd_i=top&ref_=chttp_tt_241","1984",66131,8
242,"Conflitos Internos","Wai-Keung Lau (dir.), Andy Lau, Tony Chiu-Wai Leung","http://www.imdb.com/title/tt0338564/?pf_rd_m=A2FGELUUNOQJNL&pf_rd_p=e31d89dd-322d-4646-8962-327b42fe94b1&pf_rd_r=7D3N36KY30MZE4N1WGZ5&pf_rd_s=center-1&pf_rd_t=15506&pf_rd_i=top&ref_=chttp_tt_242","2002",107262,8
243,"Os 12 Macacos","Terry Gilliam (dir.), Bruce Willis, Madeleine Stowe","http://www.imdb.com/title/tt0114746/?pf_rd_m=A2FGELUUNOQJNL&pf_rd_p=e31d89dd-322d-4646-8962-327b42fe94b1&pf_rd_r=7D3N36KY30MZE4N1WGZ5&pf_rd_s=center-1&pf_rd_t=15506&pf_rd_i=top&ref_=chttp_tt_243","1995",520367,8
244,"Antes do P<U+00F4>r-do-Sol","Richard Linklater (dir.), Ethan Hawke, Julie Delpy","http://www.imdb.com/title/tt0381681/?pf_rd_m=A2FGELUUNOQJNL&pf_rd_p=e31d89dd-322d-4646-8962-327b42fe94b1&pf_rd_r=7D3N36KY30MZE4N1WGZ5&pf_rd_s=center-1&pf_rd_t=15506&pf_rd_i=top&ref_=chttp_tt_244","2004",192681,8
245,"Gangues de Wasseypur","Anurag Kashyap (dir.), Manoj Bajpayee, Richa Chadha","http://www.imdb.com/title/tt1954470/?pf_rd_m=A2FGELUUNOQJNL&pf_rd_p=e31d89dd-322d-4646-8962-327b42fe94b1&pf_rd_r=7D3N36KY30MZE4N1WGZ5&pf_rd_s=center-1&pf_rd_t=15506&pf_rd_i=top&ref_=chttp_tt_245","2012",61496,8
246,"Tangerinas","Zaza Urushadze (dir.), Lembit Ulfsak, Elmo N<U+00FC>ganen","http://www.imdb.com/title/tt2991224/?pf_rd_m=A2FGELUUNOQJNL&pf_rd_p=e31d89dd-322d-4646-8962-327b42fe94b1&pf_rd_r=7D3N36KY30MZE4N1WGZ5&pf_rd_s=center-1&pf_rd_t=15506&pf_rd_i=top&ref_=chttp_tt_246","2013",28032,8
247,"Guardi<U+00F5>es da Gal<U+00E1>xia","James Gunn (dir.), Chris Pratt, Vin Diesel","http://www.imdb.com/title/tt2015381/?pf_rd_m=A2FGELUUNOQJNL&pf_rd_p=e31d89dd-322d-4646-8962-327b42fe94b1&pf_rd_r=7D3N36KY30MZE4N1WGZ5&pf_rd_s=center-1&pf_rd_t=15506&pf_rd_i=top&ref_=chttp_tt_247","2014",838180,8
248,"Os Melhores Anos de Nossa Vida","William Wyler (dir.), Myrna Loy, Dana Andrews","http://www.imdb.com/title/tt0036868/?pf_rd_m=A2FGELUUNOQJNL&pf_rd_p=e31d89dd-322d-4646-8962-327b42fe94b1&pf_rd_r=7D3N36KY30MZE4N1WGZ5&pf_rd_s=center-1&pf_rd_t=15506&pf_rd_i=top&ref_=chttp_tt_248","1946",49981,8
249,"A Bela e a Fera","Gary Trousdale (dir.), Paige O'Hara, Robby Benson","http://www.imdb.com/title/tt0101414/?pf_rd_m=A2FGELUUNOQJNL&pf_rd_p=e31d89dd-322d-4646-8962-327b42fe94b1&pf_rd_r=7D3N36KY30MZE4N1WGZ5&pf_rd_s=center-1&pf_rd_t=15506&pf_rd_i=top&ref_=chttp_tt_249","1991",366147,8
250,"Piratas do Caribe: A Maldi<U+00E7><U+00E3>o do P<U+00E9>rola Negra","Gore Verbinski (dir.), Johnny Depp, Geoffrey Rush","http://www.imdb.com/title/tt0325980/?pf_rd_m=A2FGELUUNOQJNL&pf_rd_p=e31d89dd-322d-4646-8962-327b42fe94b1&pf_rd_r=7D3N36KY30MZE4N1WGZ5&pf_rd_s=center-1&pf_rd_t=15506&pf_rd_i=top&ref_=chttp_tt_250","2003",915228,8
